source_url,source_section,anchor_text,destination_url,destination_status,destination_canonical,link_type,crawlable,nofollow,opens_new_window,intent_match,notes
"https://getiptvpanel.com/","Main Body / Navigation","[Image/Icon Link]","/","200","https://getiptvpanel.com/","HTML Anchor","true","false","false","Exact Intent","Rendered static link"
"https://getiptvpanel.com/","Main Body / Navigation","Reseller Panel","/reseller-panel","200","https://getiptvpanel.com/reseller-panel","HTML Anchor","true","false","false","Exact Intent","Rendered static link"
"https://getiptvpanel.com/","Main Body / Navigation","Packages","/reseller-packages","200","https://getiptvpanel.com/reseller-packages","HTML Anchor","true","false","false","Exact Intent","Rendered static link"
"https://getiptvpanel.com/","Main Body / Navigation","Start Reselling","/become-a-reseller","200","https://getiptvpanel.com/become-a-reseller","HTML Anchor","true","false","false","Exact Intent","Rendered static link"
"https://getiptvpanel.com/","Main Body / Navigation","Resources","/guides","200","https://getiptvpanel.com/guides","HTML Anchor","true","false","false","Exact Intent","Rendered static link"
"https://getiptvpanel.com/","Main Body / Navigation","Support","/support","200","https://getiptvpanel.com/support","HTML Anchor","true","false","false","Exact Intent","Rendered static link"
"https://getiptvpanel.com/","Main Body / Navigation","Reseller Panel","/reseller-panel","200","https://getiptvpanel.com/reseller-panel","HTML Anchor","true","false","false","Exact Intent","Rendered static link"
"https://getiptvpanel.com/","Main Body / Navigation","Packages","/reseller-packages","200","https://getiptvpanel.com/reseller-packages","HTML Anchor","true","false","false","Exact Intent","Rendered static link"
"https://getiptvpanel.com/","Main Body / Navigation","Start Reselling","/become-a-reseller","200","https://getiptvpanel.com/become-a-reseller","HTML Anchor","true","false","false","Exact Intent","Rendered static link"
"https://getiptvpanel.com/","Main Body / Navigation","Resources","/guides","200","https://getiptvpanel.com/guides","HTML Anchor","true","false","false","Exact Intent","Rendered static link"
"https://getiptvpanel.com/","Main Body / Navigation","Support","/support","200","https://getiptvpanel.com/support","HTML Anchor","true","false","false","Exact Intent","Rendered static link"
"https://getiptvpanel.com/","Main Body / Navigation","Compare reseller packages","/reseller-packages/","200","https://getiptvpanel.com/reseller-packages/","HTML Anchor","true","false","false","Exact Intent","Rendered static link"
"https://getiptvpanel.com/","Main Body / Navigation","See how the panel works","/reseller-panel/","200","https://getiptvpanel.com/reseller-panel/","HTML Anchor","true","false","false","Exact Intent","Rendered static link"
"https://getiptvpanel.com/","Main Body / Navigation","Add your own operating costs →","/profit-calculator","200","https://getiptvpanel.com/profit-calculator","HTML Anchor","true","false","false","Exact Intent","Rendered static link"
"https://getiptvpanel.com/","Main Body / Navigation","View the reseller-panel workflow","/reseller-panel/","200","https://getiptvpanel.com/reseller-panel/","HTML Anchor","true","false","false","Exact Intent","Rendered static link"
"https://getiptvpanel.com/","Main Body / Navigation","Compare rates and terms","/reseller-packages/","200","https://getiptvpanel.com/reseller-packages/","HTML Anchor","true","false","false","Exact Intent","Rendered static link"
"https://getiptvpanel.com/","Main Body / Navigation","Prepare a reseller application","/become-a-reseller/","200","https://getiptvpanel.com/become-a-reseller/","HTML Anchor","true","false","false","Exact Intent","Rendered static link"
"https://getiptvpanel.com/","Main Body / Navigation","Open the reseller calculator","/profit-calculator/","200","https://getiptvpanel.com/profit-calculator/","HTML Anchor","true","false","false","Exact Intent","Rendered static link"
"https://getiptvpanel.com/","Main Body / Navigation","Check individual availability","/individual-subscription/","200","https://getiptvpanel.com/individual-subscription/","HTML Anchor","true","false","false","Exact Intent","Rendered static link"
"https://getiptvpanel.com/","Main Body / Navigation","Compare reseller packages","/reseller-packages/","200","https://getiptvpanel.com/reseller-packages/","HTML Anchor","true","false","false","Exact Intent","Rendered static link"
"https://getiptvpanel.com/","Main Body / Navigation","UK reseller operations","/","200","https://getiptvpanel.com/","HTML Anchor","true","false","false","Exact Intent","Rendered static link"
"https://getiptvpanel.com/","Main Body / Navigation","Reseller panel","/reseller-panel","200","https://getiptvpanel.com/reseller-panel","HTML Anchor","true","false","false","Exact Intent","Rendered static link"
"https://getiptvpanel.com/","Main Body / Navigation","Reseller packages","/reseller-packages","200","https://getiptvpanel.com/reseller-packages","HTML Anchor","true","false","false","Exact Intent","Rendered static link"
"https://getiptvpanel.com/","Main Body / Navigation","Become a reseller","/become-a-reseller","200","https://getiptvpanel.com/become-a-reseller","HTML Anchor","true","false","false","Exact Intent","Rendered static link"
"https://getiptvpanel.com/","Main Body / Navigation","Profit calculator","/profit-calculator","200","https://getiptvpanel.com/profit-calculator","HTML Anchor","true","false","false","Exact Intent","Rendered static link"
"https://getiptvpanel.com/","Main Body / Navigation","About","/about","200","https://getiptvpanel.com/about","HTML Anchor","true","false","false","Exact Intent","Rendered static link"
"https://getiptvpanel.com/","Main Body / Navigation","Contact","/contact","200","https://getiptvpanel.com/contact","HTML Anchor","true","false","false","Exact Intent","Rendered static link"
"https://getiptvpanel.com/","Main Body / Navigation","Support","/support","200","https://getiptvpanel.com/support","HTML Anchor","true","false","false","Exact Intent","Rendered static link"
"https://getiptvpanel.com/","Main Body / Navigation","Guides","/guides","200","https://getiptvpanel.com/guides","HTML Anchor","true","false","false","Exact Intent","Rendered static link"
"https://getiptvpanel.com/","Main Body / Navigation","UK legality guide","/is-iptv-legal-in-the-uk","200","https://getiptvpanel.com/is-iptv-legal-in-the-uk","HTML Anchor","true","false","false","Exact Intent","Rendered static link"
"https://getiptvpanel.com/","Main Body / Navigation","Privacy","/privacy-policy","200","https://getiptvpanel.com/privacy-policy","HTML Anchor","true","false","false","Exact Intent","Rendered static link"
"https://getiptvpanel.com/","Main Body / Navigation","Terms","/terms","200","https://getiptvpanel.com/terms","HTML Anchor","true","false","false","Exact Intent","Rendered static link"
"https://getiptvpanel.com/","Main Body / Navigation","Refund policy","/refund-policy","200","https://getiptvpanel.com/refund-policy","HTML Anchor","true","false","false","Exact Intent","Rendered static link"
"https://getiptvpanel.com/","Main Body / Navigation","Acceptable use","/acceptable-use","200","https://getiptvpanel.com/acceptable-use","HTML Anchor","true","false","false","Exact Intent","Rendered static link"
"https://getiptvpanel.com/reseller-panel","Main Body / Navigation","[Image/Icon Link]","/","200","https://getiptvpanel.com/","HTML Anchor","true","false","false","Exact Intent","Rendered static link"
"https://getiptvpanel.com/reseller-panel","Main Body / Navigation","Reseller Panel","/reseller-panel","200","https://getiptvpanel.com/reseller-panel","HTML Anchor","true","false","false","Exact Intent","Rendered static link"
"https://getiptvpanel.com/reseller-panel","Main Body / Navigation","Packages","/reseller-packages","200","https://getiptvpanel.com/reseller-packages","HTML Anchor","true","false","false","Exact Intent","Rendered static link"
"https://getiptvpanel.com/reseller-panel","Main Body / Navigation","Start Reselling","/become-a-reseller","200","https://getiptvpanel.com/become-a-reseller","HTML Anchor","true","false","false","Exact Intent","Rendered static link"
"https://getiptvpanel.com/reseller-panel","Main Body / Navigation","Resources","/guides","200","https://getiptvpanel.com/guides","HTML Anchor","true","false","false","Exact Intent","Rendered static link"
"https://getiptvpanel.com/reseller-panel","Main Body / Navigation","Support","/support","200","https://getiptvpanel.com/support","HTML Anchor","true","false","false","Exact Intent","Rendered static link"
"https://getiptvpanel.com/reseller-panel","Main Body / Navigation","Reseller Panel","/reseller-panel","200","https://getiptvpanel.com/reseller-panel","HTML Anchor","true","false","false","Exact Intent","Rendered static link"
"https://getiptvpanel.com/reseller-panel","Main Body / Navigation","Packages","/reseller-packages","200","https://getiptvpanel.com/reseller-packages","HTML Anchor","true","false","false","Exact Intent","Rendered static link"
"https://getiptvpanel.com/reseller-panel","Main Body / Navigation","Start Reselling","/become-a-reseller","200","https://getiptvpanel.com/become-a-reseller","HTML Anchor","true","false","false","Exact Intent","Rendered static link"
"https://getiptvpanel.com/reseller-panel","Main Body / Navigation","Resources","/guides","200","https://getiptvpanel.com/guides","HTML Anchor","true","false","false","Exact Intent","Rendered static link"
"https://getiptvpanel.com/reseller-panel","Main Body / Navigation","Support","/support","200","https://getiptvpanel.com/support","HTML Anchor","true","false","false","Exact Intent","Rendered static link"
"https://getiptvpanel.com/reseller-panel","Main Body / Navigation","Home","/","200","https://getiptvpanel.com/","HTML Anchor","true","false","false","Exact Intent","Rendered static link"
"https://getiptvpanel.com/reseller-panel","Main Body / Navigation","View available packages","/reseller-packages/","200","https://getiptvpanel.com/reseller-packages/","HTML Anchor","true","false","false","Exact Intent","Rendered static link"
"https://getiptvpanel.com/reseller-panel","Main Body / Navigation","Compare reseller packages","/reseller-packages/","200","https://getiptvpanel.com/reseller-packages/","HTML Anchor","true","false","false","Exact Intent","Rendered static link"
"https://getiptvpanel.com/reseller-panel","Main Body / Navigation","UK reseller operations","/","200","https://getiptvpanel.com/","HTML Anchor","true","false","false","Exact Intent","Rendered static link"
"https://getiptvpanel.com/reseller-panel","Main Body / Navigation","Reseller panel","/reseller-panel","200","https://getiptvpanel.com/reseller-panel","HTML Anchor","true","false","false","Exact Intent","Rendered static link"
"https://getiptvpanel.com/reseller-panel","Main Body / Navigation","Reseller packages","/reseller-packages","200","https://getiptvpanel.com/reseller-packages","HTML Anchor","true","false","false","Exact Intent","Rendered static link"
"https://getiptvpanel.com/reseller-panel","Main Body / Navigation","Become a reseller","/become-a-reseller","200","https://getiptvpanel.com/become-a-reseller","HTML Anchor","true","false","false","Exact Intent","Rendered static link"
"https://getiptvpanel.com/reseller-panel","Main Body / Navigation","Profit calculator","/profit-calculator","200","https://getiptvpanel.com/profit-calculator","HTML Anchor","true","false","false","Exact Intent","Rendered static link"
"https://getiptvpanel.com/reseller-panel","Main Body / Navigation","About","/about","200","https://getiptvpanel.com/about","HTML Anchor","true","false","false","Exact Intent","Rendered static link"
"https://getiptvpanel.com/reseller-panel","Main Body / Navigation","Contact","/contact","200","https://getiptvpanel.com/contact","HTML Anchor","true","false","false","Exact Intent","Rendered static link"
"https://getiptvpanel.com/reseller-panel","Main Body / Navigation","Support","/support","200","https://getiptvpanel.com/support","HTML Anchor","true","false","false","Exact Intent","Rendered static link"
"https://getiptvpanel.com/reseller-panel","Main Body / Navigation","Guides","/guides","200","https://getiptvpanel.com/guides","HTML Anchor","true","false","false","Exact Intent","Rendered static link"
"https://getiptvpanel.com/reseller-panel","Main Body / Navigation","UK legality guide","/is-iptv-legal-in-the-uk","200","https://getiptvpanel.com/is-iptv-legal-in-the-uk","HTML Anchor","true","false","false","Exact Intent","Rendered static link"
"https://getiptvpanel.com/reseller-panel","Main Body / Navigation","Privacy","/privacy-policy","200","https://getiptvpanel.com/privacy-policy","HTML Anchor","true","false","false","Exact Intent","Rendered static link"
"https://getiptvpanel.com/reseller-panel","Main Body / Navigation","Terms","/terms","200","https://getiptvpanel.com/terms","HTML Anchor","true","false","false","Exact Intent","Rendered static link"
"https://getiptvpanel.com/reseller-panel","Main Body / Navigation","Refund policy","/refund-policy","200","https://getiptvpanel.com/refund-policy","HTML Anchor","true","false","false","Exact Intent","Rendered static link"
"https://getiptvpanel.com/reseller-panel","Main Body / Navigation","Acceptable use","/acceptable-use","200","https://getiptvpanel.com/acceptable-use","HTML Anchor","true","false","false","Exact Intent","Rendered static link"
"https://getiptvpanel.com/reseller-packages","Main Body / Navigation","[Image/Icon Link]","/","200","https://getiptvpanel.com/","HTML Anchor","true","false","false","Exact Intent","Rendered static link"
"https://getiptvpanel.com/reseller-packages","Main Body / Navigation","Reseller Panel","/reseller-panel","200","https://getiptvpanel.com/reseller-panel","HTML Anchor","true","false","false","Exact Intent","Rendered static link"
"https://getiptvpanel.com/reseller-packages","Main Body / Navigation","Packages","/reseller-packages","200","https://getiptvpanel.com/reseller-packages","HTML Anchor","true","false","false","Exact Intent","Rendered static link"
"https://getiptvpanel.com/reseller-packages","Main Body / Navigation","Start Reselling","/become-a-reseller","200","https://getiptvpanel.com/become-a-reseller","HTML Anchor","true","false","false","Exact Intent","Rendered static link"
"https://getiptvpanel.com/reseller-packages","Main Body / Navigation","Resources","/guides","200","https://getiptvpanel.com/guides","HTML Anchor","true","false","false","Exact Intent","Rendered static link"
"https://getiptvpanel.com/reseller-packages","Main Body / Navigation","Support","/support","200","https://getiptvpanel.com/support","HTML Anchor","true","false","false","Exact Intent","Rendered static link"
"https://getiptvpanel.com/reseller-packages","Main Body / Navigation","Reseller Panel","/reseller-panel","200","https://getiptvpanel.com/reseller-panel","HTML Anchor","true","false","false","Exact Intent","Rendered static link"
"https://getiptvpanel.com/reseller-packages","Main Body / Navigation","Packages","/reseller-packages","200","https://getiptvpanel.com/reseller-packages","HTML Anchor","true","false","false","Exact Intent","Rendered static link"
"https://getiptvpanel.com/reseller-packages","Main Body / Navigation","Start Reselling","/become-a-reseller","200","https://getiptvpanel.com/become-a-reseller","HTML Anchor","true","false","false","Exact Intent","Rendered static link"
"https://getiptvpanel.com/reseller-packages","Main Body / Navigation","Resources","/guides","200","https://getiptvpanel.com/guides","HTML Anchor","true","false","false","Exact Intent","Rendered static link"
"https://getiptvpanel.com/reseller-packages","Main Body / Navigation","Support","/support","200","https://getiptvpanel.com/support","HTML Anchor","true","false","false","Exact Intent","Rendered static link"
"https://getiptvpanel.com/reseller-packages","Main Body / Navigation","Home","/","200","https://getiptvpanel.com/","HTML Anchor","true","false","false","Exact Intent","Rendered static link"
"https://getiptvpanel.com/reseller-packages","Main Body / Navigation","Model revenue and operating costs","/profit-calculator/","200","https://getiptvpanel.com/profit-calculator/","HTML Anchor","true","false","false","Exact Intent","Rendered static link"
"https://getiptvpanel.com/reseller-packages","Main Body / Navigation","Prepare a reseller application","/become-a-reseller/","200","https://getiptvpanel.com/become-a-reseller/","HTML Anchor","true","false","false","Exact Intent","Rendered static link"
"https://getiptvpanel.com/reseller-packages","Main Body / Navigation","UK reseller operations","/","200","https://getiptvpanel.com/","HTML Anchor","true","false","false","Exact Intent","Rendered static link"
"https://getiptvpanel.com/reseller-packages","Main Body / Navigation","Reseller panel","/reseller-panel","200","https://getiptvpanel.com/reseller-panel","HTML Anchor","true","false","false","Exact Intent","Rendered static link"
"https://getiptvpanel.com/reseller-packages","Main Body / Navigation","Reseller packages","/reseller-packages","200","https://getiptvpanel.com/reseller-packages","HTML Anchor","true","false","false","Exact Intent","Rendered static link"
"https://getiptvpanel.com/reseller-packages","Main Body / Navigation","Become a reseller","/become-a-reseller","200","https://getiptvpanel.com/become-a-reseller","HTML Anchor","true","false","false","Exact Intent","Rendered static link"
"https://getiptvpanel.com/reseller-packages","Main Body / Navigation","Profit calculator","/profit-calculator","200","https://getiptvpanel.com/profit-calculator","HTML Anchor","true","false","false","Exact Intent","Rendered static link"
"https://getiptvpanel.com/reseller-packages","Main Body / Navigation","About","/about","200","https://getiptvpanel.com/about","HTML Anchor","true","false","false","Exact Intent","Rendered static link"
"https://getiptvpanel.com/reseller-packages","Main Body / Navigation","Contact","/contact","200","https://getiptvpanel.com/contact","HTML Anchor","true","false","false","Exact Intent","Rendered static link"
"https://getiptvpanel.com/reseller-packages","Main Body / Navigation","Support","/support","200","https://getiptvpanel.com/support","HTML Anchor","true","false","false","Exact Intent","Rendered static link"
"https://getiptvpanel.com/reseller-packages","Main Body / Navigation","Guides","/guides","200","https://getiptvpanel.com/guides","HTML Anchor","true","false","false","Exact Intent","Rendered static link"
"https://getiptvpanel.com/reseller-packages","Main Body / Navigation","UK legality guide","/is-iptv-legal-in-the-uk","200","https://getiptvpanel.com/is-iptv-legal-in-the-uk","HTML Anchor","true","false","false","Exact Intent","Rendered static link"
"https://getiptvpanel.com/reseller-packages","Main Body / Navigation","Privacy","/privacy-policy","200","https://getiptvpanel.com/privacy-policy","HTML Anchor","true","false","false","Exact Intent","Rendered static link"
"https://getiptvpanel.com/reseller-packages","Main Body / Navigation","Terms","/terms","200","https://getiptvpanel.com/terms","HTML Anchor","true","false","false","Exact Intent","Rendered static link"
"https://getiptvpanel.com/reseller-packages","Main Body / Navigation","Refund policy","/refund-policy","200","https://getiptvpanel.com/refund-policy","HTML Anchor","true","false","false","Exact Intent","Rendered static link"
"https://getiptvpanel.com/reseller-packages","Main Body / Navigation","Acceptable use","/acceptable-use","200","https://getiptvpanel.com/acceptable-use","HTML Anchor","true","false","false","Exact Intent","Rendered static link"
"https://getiptvpanel.com/become-a-reseller","Main Body / Navigation","[Image/Icon Link]","/","200","https://getiptvpanel.com/","HTML Anchor","true","false","false","Exact Intent","Rendered static link"
"https://getiptvpanel.com/become-a-reseller","Main Body / Navigation","Reseller Panel","/reseller-panel","200","https://getiptvpanel.com/reseller-panel","HTML Anchor","true","false","false","Exact Intent","Rendered static link"
"https://getiptvpanel.com/become-a-reseller","Main Body / Navigation","Packages","/reseller-packages","200","https://getiptvpanel.com/reseller-packages","HTML Anchor","true","false","false","Exact Intent","Rendered static link"
"https://getiptvpanel.com/become-a-reseller","Main Body / Navigation","Start Reselling","/become-a-reseller","200","https://getiptvpanel.com/become-a-reseller","HTML Anchor","true","false","false","Exact Intent","Rendered static link"
"https://getiptvpanel.com/become-a-reseller","Main Body / Navigation","Resources","/guides","200","https://getiptvpanel.com/guides","HTML Anchor","true","false","false","Exact Intent","Rendered static link"
"https://getiptvpanel.com/become-a-reseller","Main Body / Navigation","Support","/support","200","https://getiptvpanel.com/support","HTML Anchor","true","false","false","Exact Intent","Rendered static link"
"https://getiptvpanel.com/become-a-reseller","Main Body / Navigation","Reseller Panel","/reseller-panel","200","https://getiptvpanel.com/reseller-panel","HTML Anchor","true","false","false","Exact Intent","Rendered static link"
"https://getiptvpanel.com/become-a-reseller","Main Body / Navigation","Packages","/reseller-packages","200","https://getiptvpanel.com/reseller-packages","HTML Anchor","true","false","false","Exact Intent","Rendered static link"
"https://getiptvpanel.com/become-a-reseller","Main Body / Navigation","Start Reselling","/become-a-reseller","200","https://getiptvpanel.com/become-a-reseller","HTML Anchor","true","false","false","Exact Intent","Rendered static link"
"https://getiptvpanel.com/become-a-reseller","Main Body / Navigation","Resources","/guides","200","https://getiptvpanel.com/guides","HTML Anchor","true","false","false","Exact Intent","Rendered static link"
"https://getiptvpanel.com/become-a-reseller","Main Body / Navigation","Support","/support","200","https://getiptvpanel.com/support","HTML Anchor","true","false","false","Exact Intent","Rendered static link"
"https://getiptvpanel.com/become-a-reseller","Main Body / Navigation","Home","/","200","https://getiptvpanel.com/","HTML Anchor","true","false","false","Exact Intent","Rendered static link"
"https://getiptvpanel.com/become-a-reseller","Main Body / Navigation","Compare reseller packages","/reseller-packages/","200","https://getiptvpanel.com/reseller-packages/","HTML Anchor","true","false","false","Exact Intent","Rendered static link"
"https://getiptvpanel.com/become-a-reseller","Main Body / Navigation","Use the GBP calculator","/profit-calculator/","200","https://getiptvpanel.com/profit-calculator/","HTML Anchor","true","false","false","Exact Intent","Rendered static link"
"https://getiptvpanel.com/become-a-reseller","Main Body / Navigation","privacy policy","/privacy-policy","200","https://getiptvpanel.com/privacy-policy","HTML Anchor","true","false","false","Exact Intent","Rendered static link"
"https://getiptvpanel.com/become-a-reseller","Main Body / Navigation","Review package rates","/reseller-packages/","200","https://getiptvpanel.com/reseller-packages/","HTML Anchor","true","false","false","Exact Intent","Rendered static link"
"https://getiptvpanel.com/become-a-reseller","Main Body / Navigation","UK reseller operations","/","200","https://getiptvpanel.com/","HTML Anchor","true","false","false","Exact Intent","Rendered static link"
"https://getiptvpanel.com/become-a-reseller","Main Body / Navigation","Reseller panel","/reseller-panel","200","https://getiptvpanel.com/reseller-panel","HTML Anchor","true","false","false","Exact Intent","Rendered static link"
"https://getiptvpanel.com/become-a-reseller","Main Body / Navigation","Reseller packages","/reseller-packages","200","https://getiptvpanel.com/reseller-packages","HTML Anchor","true","false","false","Exact Intent","Rendered static link"
"https://getiptvpanel.com/become-a-reseller","Main Body / Navigation","Become a reseller","/become-a-reseller","200","https://getiptvpanel.com/become-a-reseller","HTML Anchor","true","false","false","Exact Intent","Rendered static link"
"https://getiptvpanel.com/become-a-reseller","Main Body / Navigation","Profit calculator","/profit-calculator","200","https://getiptvpanel.com/profit-calculator","HTML Anchor","true","false","false","Exact Intent","Rendered static link"
"https://getiptvpanel.com/become-a-reseller","Main Body / Navigation","About","/about","200","https://getiptvpanel.com/about","HTML Anchor","true","false","false","Exact Intent","Rendered static link"
"https://getiptvpanel.com/become-a-reseller","Main Body / Navigation","Contact","/contact","200","https://getiptvpanel.com/contact","HTML Anchor","true","false","false","Exact Intent","Rendered static link"
"https://getiptvpanel.com/become-a-reseller","Main Body / Navigation","Support","/support","200","https://getiptvpanel.com/support","HTML Anchor","true","false","false","Exact Intent","Rendered static link"
"https://getiptvpanel.com/become-a-reseller","Main Body / Navigation","Guides","/guides","200","https://getiptvpanel.com/guides","HTML Anchor","true","false","false","Exact Intent","Rendered static link"
"https://getiptvpanel.com/become-a-reseller","Main Body / Navigation","UK legality guide","/is-iptv-legal-in-the-uk","200","https://getiptvpanel.com/is-iptv-legal-in-the-uk","HTML Anchor","true","false","false","Exact Intent","Rendered static link"
"https://getiptvpanel.com/become-a-reseller","Main Body / Navigation","Privacy","/privacy-policy","200","https://getiptvpanel.com/privacy-policy","HTML Anchor","true","false","false","Exact Intent","Rendered static link"
"https://getiptvpanel.com/become-a-reseller","Main Body / Navigation","Terms","/terms","200","https://getiptvpanel.com/terms","HTML Anchor","true","false","false","Exact Intent","Rendered static link"
"https://getiptvpanel.com/become-a-reseller","Main Body / Navigation","Refund policy","/refund-policy","200","https://getiptvpanel.com/refund-policy","HTML Anchor","true","false","false","Exact Intent","Rendered static link"
"https://getiptvpanel.com/become-a-reseller","Main Body / Navigation","Acceptable use","/acceptable-use","200","https://getiptvpanel.com/acceptable-use","HTML Anchor","true","false","false","Exact Intent","Rendered static link"
"https://getiptvpanel.com/profit-calculator","Main Body / Navigation","[Image/Icon Link]","/","200","https://getiptvpanel.com/","HTML Anchor","true","false","false","Exact Intent","Rendered static link"
"https://getiptvpanel.com/profit-calculator","Main Body / Navigation","Reseller Panel","/reseller-panel","200","https://getiptvpanel.com/reseller-panel","HTML Anchor","true","false","false","Exact Intent","Rendered static link"
"https://getiptvpanel.com/profit-calculator","Main Body / Navigation","Packages","/reseller-packages","200","https://getiptvpanel.com/reseller-packages","HTML Anchor","true","false","false","Exact Intent","Rendered static link"
"https://getiptvpanel.com/profit-calculator","Main Body / Navigation","Start Reselling","/become-a-reseller","200","https://getiptvpanel.com/become-a-reseller","HTML Anchor","true","false","false","Exact Intent","Rendered static link"
"https://getiptvpanel.com/profit-calculator","Main Body / Navigation","Resources","/guides","200","https://getiptvpanel.com/guides","HTML Anchor","true","false","false","Exact Intent","Rendered static link"
"https://getiptvpanel.com/profit-calculator","Main Body / Navigation","Support","/support","200","https://getiptvpanel.com/support","HTML Anchor","true","false","false","Exact Intent","Rendered static link"
"https://getiptvpanel.com/profit-calculator","Main Body / Navigation","Reseller Panel","/reseller-panel","200","https://getiptvpanel.com/reseller-panel","HTML Anchor","true","false","false","Exact Intent","Rendered static link"
"https://getiptvpanel.com/profit-calculator","Main Body / Navigation","Packages","/reseller-packages","200","https://getiptvpanel.com/reseller-packages","HTML Anchor","true","false","false","Exact Intent","Rendered static link"
"https://getiptvpanel.com/profit-calculator","Main Body / Navigation","Start Reselling","/become-a-reseller","200","https://getiptvpanel.com/become-a-reseller","HTML Anchor","true","false","false","Exact Intent","Rendered static link"
"https://getiptvpanel.com/profit-calculator","Main Body / Navigation","Resources","/guides","200","https://getiptvpanel.com/guides","HTML Anchor","true","false","false","Exact Intent","Rendered static link"
"https://getiptvpanel.com/profit-calculator","Main Body / Navigation","Support","/support","200","https://getiptvpanel.com/support","HTML Anchor","true","false","false","Exact Intent","Rendered static link"
"https://getiptvpanel.com/profit-calculator","Main Body / Navigation","Home","/","200","https://getiptvpanel.com/","HTML Anchor","true","false","false","Exact Intent","Rendered static link"
"https://getiptvpanel.com/profit-calculator","Main Body / Navigation","Compare credit rates","/reseller-packages/","200","https://getiptvpanel.com/reseller-packages/","HTML Anchor","true","false","false","Exact Intent","Rendered static link"
"https://getiptvpanel.com/profit-calculator","Main Body / Navigation","Compare reseller packages","/reseller-packages/","200","https://getiptvpanel.com/reseller-packages/","HTML Anchor","true","false","false","Exact Intent","Rendered static link"
"https://getiptvpanel.com/profit-calculator","Main Body / Navigation","UK reseller operations","/","200","https://getiptvpanel.com/","HTML Anchor","true","false","false","Exact Intent","Rendered static link"
"https://getiptvpanel.com/profit-calculator","Main Body / Navigation","Reseller panel","/reseller-panel","200","https://getiptvpanel.com/reseller-panel","HTML Anchor","true","false","false","Exact Intent","Rendered static link"
"https://getiptvpanel.com/profit-calculator","Main Body / Navigation","Reseller packages","/reseller-packages","200","https://getiptvpanel.com/reseller-packages","HTML Anchor","true","false","false","Exact Intent","Rendered static link"
"https://getiptvpanel.com/profit-calculator","Main Body / Navigation","Become a reseller","/become-a-reseller","200","https://getiptvpanel.com/become-a-reseller","HTML Anchor","true","false","false","Exact Intent","Rendered static link"
"https://getiptvpanel.com/profit-calculator","Main Body / Navigation","Profit calculator","/profit-calculator","200","https://getiptvpanel.com/profit-calculator","HTML Anchor","true","false","false","Exact Intent","Rendered static link"
"https://getiptvpanel.com/profit-calculator","Main Body / Navigation","About","/about","200","https://getiptvpanel.com/about","HTML Anchor","true","false","false","Exact Intent","Rendered static link"
"https://getiptvpanel.com/profit-calculator","Main Body / Navigation","Contact","/contact","200","https://getiptvpanel.com/contact","HTML Anchor","true","false","false","Exact Intent","Rendered static link"
"https://getiptvpanel.com/profit-calculator","Main Body / Navigation","Support","/support","200","https://getiptvpanel.com/support","HTML Anchor","true","false","false","Exact Intent","Rendered static link"
"https://getiptvpanel.com/profit-calculator","Main Body / Navigation","Guides","/guides","200","https://getiptvpanel.com/guides","HTML Anchor","true","false","false","Exact Intent","Rendered static link"
"https://getiptvpanel.com/profit-calculator","Main Body / Navigation","UK legality guide","/is-iptv-legal-in-the-uk","200","https://getiptvpanel.com/is-iptv-legal-in-the-uk","HTML Anchor","true","false","false","Exact Intent","Rendered static link"
"https://getiptvpanel.com/profit-calculator","Main Body / Navigation","Privacy","/privacy-policy","200","https://getiptvpanel.com/privacy-policy","HTML Anchor","true","false","false","Exact Intent","Rendered static link"
"https://getiptvpanel.com/profit-calculator","Main Body / Navigation","Terms","/terms","200","https://getiptvpanel.com/terms","HTML Anchor","true","false","false","Exact Intent","Rendered static link"
"https://getiptvpanel.com/profit-calculator","Main Body / Navigation","Refund policy","/refund-policy","200","https://getiptvpanel.com/refund-policy","HTML Anchor","true","false","false","Exact Intent","Rendered static link"
"https://getiptvpanel.com/profit-calculator","Main Body / Navigation","Acceptable use","/acceptable-use","200","https://getiptvpanel.com/acceptable-use","HTML Anchor","true","false","false","Exact Intent","Rendered static link"
"https://getiptvpanel.com/individual-subscription","Main Body / Navigation","[Image/Icon Link]","/","200","https://getiptvpanel.com/","HTML Anchor","true","false","false","Exact Intent","Rendered static link"
"https://getiptvpanel.com/individual-subscription","Main Body / Navigation","Reseller Panel","/reseller-panel","200","https://getiptvpanel.com/reseller-panel","HTML Anchor","true","false","false","Exact Intent","Rendered static link"
"https://getiptvpanel.com/individual-subscription","Main Body / Navigation","Packages","/reseller-packages","200","https://getiptvpanel.com/reseller-packages","HTML Anchor","true","false","false","Exact Intent","Rendered static link"
"https://getiptvpanel.com/individual-subscription","Main Body / Navigation","Start Reselling","/become-a-reseller","200","https://getiptvpanel.com/become-a-reseller","HTML Anchor","true","false","false","Exact Intent","Rendered static link"
"https://getiptvpanel.com/individual-subscription","Main Body / Navigation","Resources","/guides","200","https://getiptvpanel.com/guides","HTML Anchor","true","false","false","Exact Intent","Rendered static link"
"https://getiptvpanel.com/individual-subscription","Main Body / Navigation","Support","/support","200","https://getiptvpanel.com/support","HTML Anchor","true","false","false","Exact Intent","Rendered static link"
"https://getiptvpanel.com/individual-subscription","Main Body / Navigation","Reseller Panel","/reseller-panel","200","https://getiptvpanel.com/reseller-panel","HTML Anchor","true","false","false","Exact Intent","Rendered static link"
"https://getiptvpanel.com/individual-subscription","Main Body / Navigation","Packages","/reseller-packages","200","https://getiptvpanel.com/reseller-packages","HTML Anchor","true","false","false","Exact Intent","Rendered static link"
"https://getiptvpanel.com/individual-subscription","Main Body / Navigation","Start Reselling","/become-a-reseller","200","https://getiptvpanel.com/become-a-reseller","HTML Anchor","true","false","false","Exact Intent","Rendered static link"
"https://getiptvpanel.com/individual-subscription","Main Body / Navigation","Resources","/guides","200","https://getiptvpanel.com/guides","HTML Anchor","true","false","false","Exact Intent","Rendered static link"
"https://getiptvpanel.com/individual-subscription","Main Body / Navigation","Support","/support","200","https://getiptvpanel.com/support","HTML Anchor","true","false","false","Exact Intent","Rendered static link"
"https://getiptvpanel.com/individual-subscription","Main Body / Navigation","Home","/","200","https://getiptvpanel.com/","HTML Anchor","true","false","false","Exact Intent","Rendered static link"
"https://getiptvpanel.com/individual-subscription","Main Body / Navigation","View reseller packages","/reseller-packages/","200","https://getiptvpanel.com/reseller-packages/","HTML Anchor","true","false","false","Exact Intent","Rendered static link"
"https://getiptvpanel.com/individual-subscription","Main Body / Navigation","Learn how to choose a service","/how-to-choose-an-iptv-service/","200","https://getiptvpanel.com/how-to-choose-an-iptv-service/","HTML Anchor","true","false","false","Exact Intent","Rendered static link"
"https://getiptvpanel.com/individual-subscription","Main Body / Navigation","Compare reseller packages","/reseller-packages/","200","https://getiptvpanel.com/reseller-packages/","HTML Anchor","true","false","false","Exact Intent","Rendered static link"
"https://getiptvpanel.com/individual-subscription","Main Body / Navigation","UK reseller operations","/","200","https://getiptvpanel.com/","HTML Anchor","true","false","false","Exact Intent","Rendered static link"
"https://getiptvpanel.com/individual-subscription","Main Body / Navigation","Reseller panel","/reseller-panel","200","https://getiptvpanel.com/reseller-panel","HTML Anchor","true","false","false","Exact Intent","Rendered static link"
"https://getiptvpanel.com/individual-subscription","Main Body / Navigation","Reseller packages","/reseller-packages","200","https://getiptvpanel.com/reseller-packages","HTML Anchor","true","false","false","Exact Intent","Rendered static link"
"https://getiptvpanel.com/individual-subscription","Main Body / Navigation","Become a reseller","/become-a-reseller","200","https://getiptvpanel.com/become-a-reseller","HTML Anchor","true","false","false","Exact Intent","Rendered static link"
"https://getiptvpanel.com/individual-subscription","Main Body / Navigation","Profit calculator","/profit-calculator","200","https://getiptvpanel.com/profit-calculator","HTML Anchor","true","false","false","Exact Intent","Rendered static link"
"https://getiptvpanel.com/individual-subscription","Main Body / Navigation","About","/about","200","https://getiptvpanel.com/about","HTML Anchor","true","false","false","Exact Intent","Rendered static link"
"https://getiptvpanel.com/individual-subscription","Main Body / Navigation","Contact","/contact","200","https://getiptvpanel.com/contact","HTML Anchor","true","false","false","Exact Intent","Rendered static link"
"https://getiptvpanel.com/individual-subscription","Main Body / Navigation","Support","/support","200","https://getiptvpanel.com/support","HTML Anchor","true","false","false","Exact Intent","Rendered static link"
"https://getiptvpanel.com/individual-subscription","Main Body / Navigation","Guides","/guides","200","https://getiptvpanel.com/guides","HTML Anchor","true","false","false","Exact Intent","Rendered static link"
"https://getiptvpanel.com/individual-subscription","Main Body / Navigation","UK legality guide","/is-iptv-legal-in-the-uk","200","https://getiptvpanel.com/is-iptv-legal-in-the-uk","HTML Anchor","true","false","false","Exact Intent","Rendered static link"
"https://getiptvpanel.com/individual-subscription","Main Body / Navigation","Privacy","/privacy-policy","200","https://getiptvpanel.com/privacy-policy","HTML Anchor","true","false","false","Exact Intent","Rendered static link"
"https://getiptvpanel.com/individual-subscription","Main Body / Navigation","Terms","/terms","200","https://getiptvpanel.com/terms","HTML Anchor","true","false","false","Exact Intent","Rendered static link"
"https://getiptvpanel.com/individual-subscription","Main Body / Navigation","Refund policy","/refund-policy","200","https://getiptvpanel.com/refund-policy","HTML Anchor","true","false","false","Exact Intent","Rendered static link"
"https://getiptvpanel.com/individual-subscription","Main Body / Navigation","Acceptable use","/acceptable-use","200","https://getiptvpanel.com/acceptable-use","HTML Anchor","true","false","false","Exact Intent","Rendered static link"
"https://getiptvpanel.com/individual-subscription","Main Body / Navigation","View reseller packages","/reseller-packages/","200","https://getiptvpanel.com/reseller-packages/","HTML Anchor","true","false","false","Exact Intent","Rendered static link"
"https://getiptvpanel.com/how-to-choose-an-iptv-service","Main Body / Navigation","[Image/Icon Link]","/","200","https://getiptvpanel.com/","HTML Anchor","true","false","false","Exact Intent","Rendered static link"
"https://getiptvpanel.com/how-to-choose-an-iptv-service","Main Body / Navigation","Reseller Panel","/reseller-panel","200","https://getiptvpanel.com/reseller-panel","HTML Anchor","true","false","false","Exact Intent","Rendered static link"
"https://getiptvpanel.com/how-to-choose-an-iptv-service","Main Body / Navigation","Packages","/reseller-packages","200","https://getiptvpanel.com/reseller-packages","HTML Anchor","true","false","false","Exact Intent","Rendered static link"
"https://getiptvpanel.com/how-to-choose-an-iptv-service","Main Body / Navigation","Start Reselling","/become-a-reseller","200","https://getiptvpanel.com/become-a-reseller","HTML Anchor","true","false","false","Exact Intent","Rendered static link"
"https://getiptvpanel.com/how-to-choose-an-iptv-service","Main Body / Navigation","Resources","/guides","200","https://getiptvpanel.com/guides","HTML Anchor","true","false","false","Exact Intent","Rendered static link"
"https://getiptvpanel.com/how-to-choose-an-iptv-service","Main Body / Navigation","Support","/support","200","https://getiptvpanel.com/support","HTML Anchor","true","false","false","Exact Intent","Rendered static link"
"https://getiptvpanel.com/how-to-choose-an-iptv-service","Main Body / Navigation","Reseller Panel","/reseller-panel","200","https://getiptvpanel.com/reseller-panel","HTML Anchor","true","false","false","Exact Intent","Rendered static link"
"https://getiptvpanel.com/how-to-choose-an-iptv-service","Main Body / Navigation","Packages","/reseller-packages","200","https://getiptvpanel.com/reseller-packages","HTML Anchor","true","false","false","Exact Intent","Rendered static link"
"https://getiptvpanel.com/how-to-choose-an-iptv-service","Main Body / Navigation","Start Reselling","/become-a-reseller","200","https://getiptvpanel.com/become-a-reseller","HTML Anchor","true","false","false","Exact Intent","Rendered static link"
"https://getiptvpanel.com/how-to-choose-an-iptv-service","Main Body / Navigation","Resources","/guides","200","https://getiptvpanel.com/guides","HTML Anchor","true","false","false","Exact Intent","Rendered static link"
"https://getiptvpanel.com/how-to-choose-an-iptv-service","Main Body / Navigation","Support","/support","200","https://getiptvpanel.com/support","HTML Anchor","true","false","false","Exact Intent","Rendered static link"
"https://getiptvpanel.com/how-to-choose-an-iptv-service","Main Body / Navigation","Home","/","200","https://getiptvpanel.com/","HTML Anchor","true","false","false","Exact Intent","Rendered static link"
"https://getiptvpanel.com/how-to-choose-an-iptv-service","Main Body / Navigation","Check individual availability","/individual-subscription/","200","https://getiptvpanel.com/individual-subscription/","HTML Anchor","true","false","false","Exact Intent","Rendered static link"
"https://getiptvpanel.com/how-to-choose-an-iptv-service","Main Body / Navigation","Check individual availability","/individual-subscription/","200","https://getiptvpanel.com/individual-subscription/","HTML Anchor","true","false","false","Exact Intent","Rendered static link"
"https://getiptvpanel.com/how-to-choose-an-iptv-service","Main Body / Navigation","Compare reseller packages","/reseller-packages/","200","https://getiptvpanel.com/reseller-packages/","HTML Anchor","true","false","false","Exact Intent","Rendered static link"
"https://getiptvpanel.com/how-to-choose-an-iptv-service","Main Body / Navigation","UK reseller operations","/","200","https://getiptvpanel.com/","HTML Anchor","true","false","false","Exact Intent","Rendered static link"
"https://getiptvpanel.com/how-to-choose-an-iptv-service","Main Body / Navigation","Reseller panel","/reseller-panel","200","https://getiptvpanel.com/reseller-panel","HTML Anchor","true","false","false","Exact Intent","Rendered static link"
"https://getiptvpanel.com/how-to-choose-an-iptv-service","Main Body / Navigation","Reseller packages","/reseller-packages","200","https://getiptvpanel.com/reseller-packages","HTML Anchor","true","false","false","Exact Intent","Rendered static link"
"https://getiptvpanel.com/how-to-choose-an-iptv-service","Main Body / Navigation","Become a reseller","/become-a-reseller","200","https://getiptvpanel.com/become-a-reseller","HTML Anchor","true","false","false","Exact Intent","Rendered static link"
"https://getiptvpanel.com/how-to-choose-an-iptv-service","Main Body / Navigation","Profit calculator","/profit-calculator","200","https://getiptvpanel.com/profit-calculator","HTML Anchor","true","false","false","Exact Intent","Rendered static link"
"https://getiptvpanel.com/how-to-choose-an-iptv-service","Main Body / Navigation","About","/about","200","https://getiptvpanel.com/about","HTML Anchor","true","false","false","Exact Intent","Rendered static link"
"https://getiptvpanel.com/how-to-choose-an-iptv-service","Main Body / Navigation","Contact","/contact","200","https://getiptvpanel.com/contact","HTML Anchor","true","false","false","Exact Intent","Rendered static link"
"https://getiptvpanel.com/how-to-choose-an-iptv-service","Main Body / Navigation","Support","/support","200","https://getiptvpanel.com/support","HTML Anchor","true","false","false","Exact Intent","Rendered static link"
"https://getiptvpanel.com/how-to-choose-an-iptv-service","Main Body / Navigation","Guides","/guides","200","https://getiptvpanel.com/guides","HTML Anchor","true","false","false","Exact Intent","Rendered static link"
"https://getiptvpanel.com/how-to-choose-an-iptv-service","Main Body / Navigation","UK legality guide","/is-iptv-legal-in-the-uk","200","https://getiptvpanel.com/is-iptv-legal-in-the-uk","HTML Anchor","true","false","false","Exact Intent","Rendered static link"
"https://getiptvpanel.com/how-to-choose-an-iptv-service","Main Body / Navigation","Privacy","/privacy-policy","200","https://getiptvpanel.com/privacy-policy","HTML Anchor","true","false","false","Exact Intent","Rendered static link"
"https://getiptvpanel.com/how-to-choose-an-iptv-service","Main Body / Navigation","Terms","/terms","200","https://getiptvpanel.com/terms","HTML Anchor","true","false","false","Exact Intent","Rendered static link"
"https://getiptvpanel.com/how-to-choose-an-iptv-service","Main Body / Navigation","Refund policy","/refund-policy","200","https://getiptvpanel.com/refund-policy","HTML Anchor","true","false","false","Exact Intent","Rendered static link"
"https://getiptvpanel.com/how-to-choose-an-iptv-service","Main Body / Navigation","Acceptable use","/acceptable-use","200","https://getiptvpanel.com/acceptable-use","HTML Anchor","true","false","false","Exact Intent","Rendered static link"
"https://getiptvpanel.com/how-to-choose-an-iptv-service","Main Body / Navigation","Check individual availability","/individual-subscription/","200","https://getiptvpanel.com/individual-subscription/","HTML Anchor","true","false","false","Exact Intent","Rendered static link"
"https://getiptvpanel.com/is-iptv-legal-in-the-uk","Main Body / Navigation","[Image/Icon Link]","/","200","https://getiptvpanel.com/","HTML Anchor","true","false","false","Exact Intent","Rendered static link"
"https://getiptvpanel.com/is-iptv-legal-in-the-uk","Main Body / Navigation","Reseller Panel","/reseller-panel","200","https://getiptvpanel.com/reseller-panel","HTML Anchor","true","false","false","Exact Intent","Rendered static link"
"https://getiptvpanel.com/is-iptv-legal-in-the-uk","Main Body / Navigation","Packages","/reseller-packages","200","https://getiptvpanel.com/reseller-packages","HTML Anchor","true","false","false","Exact Intent","Rendered static link"
"https://getiptvpanel.com/is-iptv-legal-in-the-uk","Main Body / Navigation","Start Reselling","/become-a-reseller","200","https://getiptvpanel.com/become-a-reseller","HTML Anchor","true","false","false","Exact Intent","Rendered static link"
"https://getiptvpanel.com/is-iptv-legal-in-the-uk","Main Body / Navigation","Resources","/guides","200","https://getiptvpanel.com/guides","HTML Anchor","true","false","false","Exact Intent","Rendered static link"
"https://getiptvpanel.com/is-iptv-legal-in-the-uk","Main Body / Navigation","Support","/support","200","https://getiptvpanel.com/support","HTML Anchor","true","false","false","Exact Intent","Rendered static link"
"https://getiptvpanel.com/is-iptv-legal-in-the-uk","Main Body / Navigation","Reseller Panel","/reseller-panel","200","https://getiptvpanel.com/reseller-panel","HTML Anchor","true","false","false","Exact Intent","Rendered static link"
"https://getiptvpanel.com/is-iptv-legal-in-the-uk","Main Body / Navigation","Packages","/reseller-packages","200","https://getiptvpanel.com/reseller-packages","HTML Anchor","true","false","false","Exact Intent","Rendered static link"
"https://getiptvpanel.com/is-iptv-legal-in-the-uk","Main Body / Navigation","Start Reselling","/become-a-reseller","200","https://getiptvpanel.com/become-a-reseller","HTML Anchor","true","false","false","Exact Intent","Rendered static link"
"https://getiptvpanel.com/is-iptv-legal-in-the-uk","Main Body / Navigation","Resources","/guides","200","https://getiptvpanel.com/guides","HTML Anchor","true","false","false","Exact Intent","Rendered static link"
"https://getiptvpanel.com/is-iptv-legal-in-the-uk","Main Body / Navigation","Support","/support","200","https://getiptvpanel.com/support","HTML Anchor","true","false","false","Exact Intent","Rendered static link"
"https://getiptvpanel.com/is-iptv-legal-in-the-uk","Main Body / Navigation","Home","/","200","https://getiptvpanel.com/","HTML Anchor","true","false","false","Exact Intent","Rendered static link"
"https://getiptvpanel.com/is-iptv-legal-in-the-uk","Main Body / Navigation","How to choose a service","/how-to-choose-an-iptv-service/","200","https://getiptvpanel.com/how-to-choose-an-iptv-service/","HTML Anchor","true","false","false","Exact Intent","Rendered static link"
"https://getiptvpanel.com/is-iptv-legal-in-the-uk","Main Body / Navigation","UK reseller operations","/","200","https://getiptvpanel.com/","HTML Anchor","true","false","false","Exact Intent","Rendered static link"
"https://getiptvpanel.com/is-iptv-legal-in-the-uk","Main Body / Navigation","Reseller panel","/reseller-panel","200","https://getiptvpanel.com/reseller-panel","HTML Anchor","true","false","false","Exact Intent","Rendered static link"
"https://getiptvpanel.com/is-iptv-legal-in-the-uk","Main Body / Navigation","Reseller packages","/reseller-packages","200","https://getiptvpanel.com/reseller-packages","HTML Anchor","true","false","false","Exact Intent","Rendered static link"
"https://getiptvpanel.com/is-iptv-legal-in-the-uk","Main Body / Navigation","Become a reseller","/become-a-reseller","200","https://getiptvpanel.com/become-a-reseller","HTML Anchor","true","false","false","Exact Intent","Rendered static link"
"https://getiptvpanel.com/is-iptv-legal-in-the-uk","Main Body / Navigation","Profit calculator","/profit-calculator","200","https://getiptvpanel.com/profit-calculator","HTML Anchor","true","false","false","Exact Intent","Rendered static link"
"https://getiptvpanel.com/is-iptv-legal-in-the-uk","Main Body / Navigation","About","/about","200","https://getiptvpanel.com/about","HTML Anchor","true","false","false","Exact Intent","Rendered static link"
"https://getiptvpanel.com/is-iptv-legal-in-the-uk","Main Body / Navigation","Contact","/contact","200","https://getiptvpanel.com/contact","HTML Anchor","true","false","false","Exact Intent","Rendered static link"
"https://getiptvpanel.com/is-iptv-legal-in-the-uk","Main Body / Navigation","Support","/support","200","https://getiptvpanel.com/support","HTML Anchor","true","false","false","Exact Intent","Rendered static link"
"https://getiptvpanel.com/is-iptv-legal-in-the-uk","Main Body / Navigation","Guides","/guides","200","https://getiptvpanel.com/guides","HTML Anchor","true","false","false","Exact Intent","Rendered static link"
"https://getiptvpanel.com/is-iptv-legal-in-the-uk","Main Body / Navigation","UK legality guide","/is-iptv-legal-in-the-uk","200","https://getiptvpanel.com/is-iptv-legal-in-the-uk","HTML Anchor","true","false","false","Exact Intent","Rendered static link"
"https://getiptvpanel.com/is-iptv-legal-in-the-uk","Main Body / Navigation","Privacy","/privacy-policy","200","https://getiptvpanel.com/privacy-policy","HTML Anchor","true","false","false","Exact Intent","Rendered static link"
"https://getiptvpanel.com/is-iptv-legal-in-the-uk","Main Body / Navigation","Terms","/terms","200","https://getiptvpanel.com/terms","HTML Anchor","true","false","false","Exact Intent","Rendered static link"
"https://getiptvpanel.com/is-iptv-legal-in-the-uk","Main Body / Navigation","Refund policy","/refund-policy","200","https://getiptvpanel.com/refund-policy","HTML Anchor","true","false","false","Exact Intent","Rendered static link"
"https://getiptvpanel.com/is-iptv-legal-in-the-uk","Main Body / Navigation","Acceptable use","/acceptable-use","200","https://getiptvpanel.com/acceptable-use","HTML Anchor","true","false","false","Exact Intent","Rendered static link"
"https://getiptvpanel.com/guides","Main Body / Navigation","[Image/Icon Link]","/","200","https://getiptvpanel.com/","HTML Anchor","true","false","false","Exact Intent","Rendered static link"
"https://getiptvpanel.com/guides","Main Body / Navigation","Reseller Panel","/reseller-panel","200","https://getiptvpanel.com/reseller-panel","HTML Anchor","true","false","false","Exact Intent","Rendered static link"
"https://getiptvpanel.com/guides","Main Body / Navigation","Packages","/reseller-packages","200","https://getiptvpanel.com/reseller-packages","HTML Anchor","true","false","false","Exact Intent","Rendered static link"
"https://getiptvpanel.com/guides","Main Body / Navigation","Start Reselling","/become-a-reseller","200","https://getiptvpanel.com/become-a-reseller","HTML Anchor","true","false","false","Exact Intent","Rendered static link"
"https://getiptvpanel.com/guides","Main Body / Navigation","Resources","/guides","200","https://getiptvpanel.com/guides","HTML Anchor","true","false","false","Exact Intent","Rendered static link"
"https://getiptvpanel.com/guides","Main Body / Navigation","Support","/support","200","https://getiptvpanel.com/support","HTML Anchor","true","false","false","Exact Intent","Rendered static link"
"https://getiptvpanel.com/guides","Main Body / Navigation","Reseller Panel","/reseller-panel","200","https://getiptvpanel.com/reseller-panel","HTML Anchor","true","false","false","Exact Intent","Rendered static link"
"https://getiptvpanel.com/guides","Main Body / Navigation","Packages","/reseller-packages","200","https://getiptvpanel.com/reseller-packages","HTML Anchor","true","false","false","Exact Intent","Rendered static link"
"https://getiptvpanel.com/guides","Main Body / Navigation","Start Reselling","/become-a-reseller","200","https://getiptvpanel.com/become-a-reseller","HTML Anchor","true","false","false","Exact Intent","Rendered static link"
"https://getiptvpanel.com/guides","Main Body / Navigation","Resources","/guides","200","https://getiptvpanel.com/guides","HTML Anchor","true","false","false","Exact Intent","Rendered static link"
"https://getiptvpanel.com/guides","Main Body / Navigation","Support","/support","200","https://getiptvpanel.com/support","HTML Anchor","true","false","false","Exact Intent","Rendered static link"
"https://getiptvpanel.com/guides","Main Body / Navigation","Home","/","200","https://getiptvpanel.com/","HTML Anchor","true","false","false","Exact Intent","Rendered static link"
"https://getiptvpanel.com/guides","Main Body / Navigation","TiviMate on Android TV or Google TV","/guides/tivimate-setup/","200","https://getiptvpanel.com/guides/tivimate-setup/","HTML Anchor","true","false","false","Exact Intent","Rendered static link"
"https://getiptvpanel.com/guides","Main Body / Navigation","Open the TiviMate guide","/guides/tivimate-setup/","200","https://getiptvpanel.com/guides/tivimate-setup/","HTML Anchor","true","false","false","Exact Intent","Rendered static link"
"https://getiptvpanel.com/guides","Main Body / Navigation","IPTV Smarters","/guides/iptv-smarters-setup/","200","https://getiptvpanel.com/guides/iptv-smarters-setup/","HTML Anchor","true","false","false","Exact Intent","Rendered static link"
"https://getiptvpanel.com/guides","Main Body / Navigation","Open the IPTV Smarters guide","/guides/iptv-smarters-setup/","200","https://getiptvpanel.com/guides/iptv-smarters-setup/","HTML Anchor","true","false","false","Exact Intent","Rendered static link"
"https://getiptvpanel.com/guides","Main Body / Navigation","Fire TV","/guides/fire-tv-setup/","200","https://getiptvpanel.com/guides/fire-tv-setup/","HTML Anchor","true","false","false","Exact Intent","Rendered static link"
"https://getiptvpanel.com/guides","Main Body / Navigation","Open the Fire TV guide","/guides/fire-tv-setup/","200","https://getiptvpanel.com/guides/fire-tv-setup/","HTML Anchor","true","false","false","Exact Intent","Rendered static link"
"https://getiptvpanel.com/guides","Main Body / Navigation","See the reseller workflow","/reseller-panel/","200","https://getiptvpanel.com/reseller-panel/","HTML Anchor","true","false","false","Exact Intent","Rendered static link"
"https://getiptvpanel.com/guides","Main Body / Navigation","UK reseller operations","/","200","https://getiptvpanel.com/","HTML Anchor","true","false","false","Exact Intent","Rendered static link"
"https://getiptvpanel.com/guides","Main Body / Navigation","Reseller panel","/reseller-panel","200","https://getiptvpanel.com/reseller-panel","HTML Anchor","true","false","false","Exact Intent","Rendered static link"
"https://getiptvpanel.com/guides","Main Body / Navigation","Reseller packages","/reseller-packages","200","https://getiptvpanel.com/reseller-packages","HTML Anchor","true","false","false","Exact Intent","Rendered static link"
"https://getiptvpanel.com/guides","Main Body / Navigation","Become a reseller","/become-a-reseller","200","https://getiptvpanel.com/become-a-reseller","HTML Anchor","true","false","false","Exact Intent","Rendered static link"
"https://getiptvpanel.com/guides","Main Body / Navigation","Profit calculator","/profit-calculator","200","https://getiptvpanel.com/profit-calculator","HTML Anchor","true","false","false","Exact Intent","Rendered static link"
"https://getiptvpanel.com/guides","Main Body / Navigation","About","/about","200","https://getiptvpanel.com/about","HTML Anchor","true","false","false","Exact Intent","Rendered static link"
"https://getiptvpanel.com/guides","Main Body / Navigation","Contact","/contact","200","https://getiptvpanel.com/contact","HTML Anchor","true","false","false","Exact Intent","Rendered static link"
"https://getiptvpanel.com/guides","Main Body / Navigation","Support","/support","200","https://getiptvpanel.com/support","HTML Anchor","true","false","false","Exact Intent","Rendered static link"
"https://getiptvpanel.com/guides","Main Body / Navigation","Guides","/guides","200","https://getiptvpanel.com/guides","HTML Anchor","true","false","false","Exact Intent","Rendered static link"
"https://getiptvpanel.com/guides","Main Body / Navigation","UK legality guide","/is-iptv-legal-in-the-uk","200","https://getiptvpanel.com/is-iptv-legal-in-the-uk","HTML Anchor","true","false","false","Exact Intent","Rendered static link"
"https://getiptvpanel.com/guides","Main Body / Navigation","Privacy","/privacy-policy","200","https://getiptvpanel.com/privacy-policy","HTML Anchor","true","false","false","Exact Intent","Rendered static link"
"https://getiptvpanel.com/guides","Main Body / Navigation","Terms","/terms","200","https://getiptvpanel.com/terms","HTML Anchor","true","false","false","Exact Intent","Rendered static link"
"https://getiptvpanel.com/guides","Main Body / Navigation","Refund policy","/refund-policy","200","https://getiptvpanel.com/refund-policy","HTML Anchor","true","false","false","Exact Intent","Rendered static link"
"https://getiptvpanel.com/guides","Main Body / Navigation","Acceptable use","/acceptable-use","200","https://getiptvpanel.com/acceptable-use","HTML Anchor","true","false","false","Exact Intent","Rendered static link"
"https://getiptvpanel.com/guides/tivimate-setup","Main Body / Navigation","[Image/Icon Link]","/","200","https://getiptvpanel.com/","HTML Anchor","true","false","false","Exact Intent","Rendered static link"
"https://getiptvpanel.com/guides/tivimate-setup","Main Body / Navigation","Reseller Panel","/reseller-panel","200","https://getiptvpanel.com/reseller-panel","HTML Anchor","true","false","false","Exact Intent","Rendered static link"
"https://getiptvpanel.com/guides/tivimate-setup","Main Body / Navigation","Packages","/reseller-packages","200","https://getiptvpanel.com/reseller-packages","HTML Anchor","true","false","false","Exact Intent","Rendered static link"
"https://getiptvpanel.com/guides/tivimate-setup","Main Body / Navigation","Start Reselling","/become-a-reseller","200","https://getiptvpanel.com/become-a-reseller","HTML Anchor","true","false","false","Exact Intent","Rendered static link"
"https://getiptvpanel.com/guides/tivimate-setup","Main Body / Navigation","Resources","/guides","200","https://getiptvpanel.com/guides","HTML Anchor","true","false","false","Exact Intent","Rendered static link"
"https://getiptvpanel.com/guides/tivimate-setup","Main Body / Navigation","Support","/support","200","https://getiptvpanel.com/support","HTML Anchor","true","false","false","Exact Intent","Rendered static link"
"https://getiptvpanel.com/guides/tivimate-setup","Main Body / Navigation","Reseller Panel","/reseller-panel","200","https://getiptvpanel.com/reseller-panel","HTML Anchor","true","false","false","Exact Intent","Rendered static link"
"https://getiptvpanel.com/guides/tivimate-setup","Main Body / Navigation","Packages","/reseller-packages","200","https://getiptvpanel.com/reseller-packages","HTML Anchor","true","false","false","Exact Intent","Rendered static link"
"https://getiptvpanel.com/guides/tivimate-setup","Main Body / Navigation","Start Reselling","/become-a-reseller","200","https://getiptvpanel.com/become-a-reseller","HTML Anchor","true","false","false","Exact Intent","Rendered static link"
"https://getiptvpanel.com/guides/tivimate-setup","Main Body / Navigation","Resources","/guides","200","https://getiptvpanel.com/guides","HTML Anchor","true","false","false","Exact Intent","Rendered static link"
"https://getiptvpanel.com/guides/tivimate-setup","Main Body / Navigation","Support","/support","200","https://getiptvpanel.com/support","HTML Anchor","true","false","false","Exact Intent","Rendered static link"
"https://getiptvpanel.com/guides/tivimate-setup","Main Body / Navigation","Home","/","200","https://getiptvpanel.com/","HTML Anchor","true","false","false","Exact Intent","Rendered static link"
"https://getiptvpanel.com/guides/tivimate-setup","Main Body / Navigation","Guides","/guides","200","https://getiptvpanel.com/guides","HTML Anchor","true","false","false","Exact Intent","Rendered static link"
"https://getiptvpanel.com/guides/tivimate-setup","Main Body / Navigation","Managing multiple setups? See the reseller panel","/reseller-panel/","200","https://getiptvpanel.com/reseller-panel/","HTML Anchor","true","false","false","Exact Intent","Rendered static link"
"https://getiptvpanel.com/guides/tivimate-setup","Main Body / Navigation","UK reseller operations","/","200","https://getiptvpanel.com/","HTML Anchor","true","false","false","Exact Intent","Rendered static link"
"https://getiptvpanel.com/guides/tivimate-setup","Main Body / Navigation","Reseller panel","/reseller-panel","200","https://getiptvpanel.com/reseller-panel","HTML Anchor","true","false","false","Exact Intent","Rendered static link"
"https://getiptvpanel.com/guides/tivimate-setup","Main Body / Navigation","Reseller packages","/reseller-packages","200","https://getiptvpanel.com/reseller-packages","HTML Anchor","true","false","false","Exact Intent","Rendered static link"
"https://getiptvpanel.com/guides/tivimate-setup","Main Body / Navigation","Become a reseller","/become-a-reseller","200","https://getiptvpanel.com/become-a-reseller","HTML Anchor","true","false","false","Exact Intent","Rendered static link"
"https://getiptvpanel.com/guides/tivimate-setup","Main Body / Navigation","Profit calculator","/profit-calculator","200","https://getiptvpanel.com/profit-calculator","HTML Anchor","true","false","false","Exact Intent","Rendered static link"
"https://getiptvpanel.com/guides/tivimate-setup","Main Body / Navigation","About","/about","200","https://getiptvpanel.com/about","HTML Anchor","true","false","false","Exact Intent","Rendered static link"
"https://getiptvpanel.com/guides/tivimate-setup","Main Body / Navigation","Contact","/contact","200","https://getiptvpanel.com/contact","HTML Anchor","true","false","false","Exact Intent","Rendered static link"
"https://getiptvpanel.com/guides/tivimate-setup","Main Body / Navigation","Support","/support","200","https://getiptvpanel.com/support","HTML Anchor","true","false","false","Exact Intent","Rendered static link"
"https://getiptvpanel.com/guides/tivimate-setup","Main Body / Navigation","Guides","/guides","200","https://getiptvpanel.com/guides","HTML Anchor","true","false","false","Exact Intent","Rendered static link"
"https://getiptvpanel.com/guides/tivimate-setup","Main Body / Navigation","UK legality guide","/is-iptv-legal-in-the-uk","200","https://getiptvpanel.com/is-iptv-legal-in-the-uk","HTML Anchor","true","false","false","Exact Intent","Rendered static link"
"https://getiptvpanel.com/guides/tivimate-setup","Main Body / Navigation","Privacy","/privacy-policy","200","https://getiptvpanel.com/privacy-policy","HTML Anchor","true","false","false","Exact Intent","Rendered static link"
"https://getiptvpanel.com/guides/tivimate-setup","Main Body / Navigation","Terms","/terms","200","https://getiptvpanel.com/terms","HTML Anchor","true","false","false","Exact Intent","Rendered static link"
"https://getiptvpanel.com/guides/tivimate-setup","Main Body / Navigation","Refund policy","/refund-policy","200","https://getiptvpanel.com/refund-policy","HTML Anchor","true","false","false","Exact Intent","Rendered static link"
"https://getiptvpanel.com/guides/tivimate-setup","Main Body / Navigation","Acceptable use","/acceptable-use","200","https://getiptvpanel.com/acceptable-use","HTML Anchor","true","false","false","Exact Intent","Rendered static link"
"https://getiptvpanel.com/guides/iptv-smarters-setup","Main Body / Navigation","[Image/Icon Link]","/","200","https://getiptvpanel.com/","HTML Anchor","true","false","false","Exact Intent","Rendered static link"
"https://getiptvpanel.com/guides/iptv-smarters-setup","Main Body / Navigation","Reseller Panel","/reseller-panel","200","https://getiptvpanel.com/reseller-panel","HTML Anchor","true","false","false","Exact Intent","Rendered static link"
"https://getiptvpanel.com/guides/iptv-smarters-setup","Main Body / Navigation","Packages","/reseller-packages","200","https://getiptvpanel.com/reseller-packages","HTML Anchor","true","false","false","Exact Intent","Rendered static link"
"https://getiptvpanel.com/guides/iptv-smarters-setup","Main Body / Navigation","Start Reselling","/become-a-reseller","200","https://getiptvpanel.com/become-a-reseller","HTML Anchor","true","false","false","Exact Intent","Rendered static link"
"https://getiptvpanel.com/guides/iptv-smarters-setup","Main Body / Navigation","Resources","/guides","200","https://getiptvpanel.com/guides","HTML Anchor","true","false","false","Exact Intent","Rendered static link"
"https://getiptvpanel.com/guides/iptv-smarters-setup","Main Body / Navigation","Support","/support","200","https://getiptvpanel.com/support","HTML Anchor","true","false","false","Exact Intent","Rendered static link"
"https://getiptvpanel.com/guides/iptv-smarters-setup","Main Body / Navigation","Reseller Panel","/reseller-panel","200","https://getiptvpanel.com/reseller-panel","HTML Anchor","true","false","false","Exact Intent","Rendered static link"
"https://getiptvpanel.com/guides/iptv-smarters-setup","Main Body / Navigation","Packages","/reseller-packages","200","https://getiptvpanel.com/reseller-packages","HTML Anchor","true","false","false","Exact Intent","Rendered static link"
"https://getiptvpanel.com/guides/iptv-smarters-setup","Main Body / Navigation","Start Reselling","/become-a-reseller","200","https://getiptvpanel.com/become-a-reseller","HTML Anchor","true","false","false","Exact Intent","Rendered static link"
"https://getiptvpanel.com/guides/iptv-smarters-setup","Main Body / Navigation","Resources","/guides","200","https://getiptvpanel.com/guides","HTML Anchor","true","false","false","Exact Intent","Rendered static link"
"https://getiptvpanel.com/guides/iptv-smarters-setup","Main Body / Navigation","Support","/support","200","https://getiptvpanel.com/support","HTML Anchor","true","false","false","Exact Intent","Rendered static link"
"https://getiptvpanel.com/guides/iptv-smarters-setup","Main Body / Navigation","Home","/","200","https://getiptvpanel.com/","HTML Anchor","true","false","false","Exact Intent","Rendered static link"
"https://getiptvpanel.com/guides/iptv-smarters-setup","Main Body / Navigation","Guides","/guides","200","https://getiptvpanel.com/guides","HTML Anchor","true","false","false","Exact Intent","Rendered static link"
"https://getiptvpanel.com/guides/iptv-smarters-setup","Main Body / Navigation","Explore the reseller workflow","/reseller-panel/","200","https://getiptvpanel.com/reseller-panel/","HTML Anchor","true","false","false","Exact Intent","Rendered static link"
"https://getiptvpanel.com/guides/iptv-smarters-setup","Main Body / Navigation","UK reseller operations","/","200","https://getiptvpanel.com/","HTML Anchor","true","false","false","Exact Intent","Rendered static link"
"https://getiptvpanel.com/guides/iptv-smarters-setup","Main Body / Navigation","Reseller panel","/reseller-panel","200","https://getiptvpanel.com/reseller-panel","HTML Anchor","true","false","false","Exact Intent","Rendered static link"
"https://getiptvpanel.com/guides/iptv-smarters-setup","Main Body / Navigation","Reseller packages","/reseller-packages","200","https://getiptvpanel.com/reseller-packages","HTML Anchor","true","false","false","Exact Intent","Rendered static link"
"https://getiptvpanel.com/guides/iptv-smarters-setup","Main Body / Navigation","Become a reseller","/become-a-reseller","200","https://getiptvpanel.com/become-a-reseller","HTML Anchor","true","false","false","Exact Intent","Rendered static link"
"https://getiptvpanel.com/guides/iptv-smarters-setup","Main Body / Navigation","Profit calculator","/profit-calculator","200","https://getiptvpanel.com/profit-calculator","HTML Anchor","true","false","false","Exact Intent","Rendered static link"
"https://getiptvpanel.com/guides/iptv-smarters-setup","Main Body / Navigation","About","/about","200","https://getiptvpanel.com/about","HTML Anchor","true","false","false","Exact Intent","Rendered static link"
"https://getiptvpanel.com/guides/iptv-smarters-setup","Main Body / Navigation","Contact","/contact","200","https://getiptvpanel.com/contact","HTML Anchor","true","false","false","Exact Intent","Rendered static link"
"https://getiptvpanel.com/guides/iptv-smarters-setup","Main Body / Navigation","Support","/support","200","https://getiptvpanel.com/support","HTML Anchor","true","false","false","Exact Intent","Rendered static link"
"https://getiptvpanel.com/guides/iptv-smarters-setup","Main Body / Navigation","Guides","/guides","200","https://getiptvpanel.com/guides","HTML Anchor","true","false","false","Exact Intent","Rendered static link"
"https://getiptvpanel.com/guides/iptv-smarters-setup","Main Body / Navigation","UK legality guide","/is-iptv-legal-in-the-uk","200","https://getiptvpanel.com/is-iptv-legal-in-the-uk","HTML Anchor","true","false","false","Exact Intent","Rendered static link"
"https://getiptvpanel.com/guides/iptv-smarters-setup","Main Body / Navigation","Privacy","/privacy-policy","200","https://getiptvpanel.com/privacy-policy","HTML Anchor","true","false","false","Exact Intent","Rendered static link"
"https://getiptvpanel.com/guides/iptv-smarters-setup","Main Body / Navigation","Terms","/terms","200","https://getiptvpanel.com/terms","HTML Anchor","true","false","false","Exact Intent","Rendered static link"
"https://getiptvpanel.com/guides/iptv-smarters-setup","Main Body / Navigation","Refund policy","/refund-policy","200","https://getiptvpanel.com/refund-policy","HTML Anchor","true","false","false","Exact Intent","Rendered static link"
"https://getiptvpanel.com/guides/iptv-smarters-setup","Main Body / Navigation","Acceptable use","/acceptable-use","200","https://getiptvpanel.com/acceptable-use","HTML Anchor","true","false","false","Exact Intent","Rendered static link"
"https://getiptvpanel.com/guides/fire-tv-setup","Main Body / Navigation","[Image/Icon Link]","/","200","https://getiptvpanel.com/","HTML Anchor","true","false","false","Exact Intent","Rendered static link"
"https://getiptvpanel.com/guides/fire-tv-setup","Main Body / Navigation","Reseller Panel","/reseller-panel","200","https://getiptvpanel.com/reseller-panel","HTML Anchor","true","false","false","Exact Intent","Rendered static link"
"https://getiptvpanel.com/guides/fire-tv-setup","Main Body / Navigation","Packages","/reseller-packages","200","https://getiptvpanel.com/reseller-packages","HTML Anchor","true","false","false","Exact Intent","Rendered static link"
"https://getiptvpanel.com/guides/fire-tv-setup","Main Body / Navigation","Start Reselling","/become-a-reseller","200","https://getiptvpanel.com/become-a-reseller","HTML Anchor","true","false","false","Exact Intent","Rendered static link"
"https://getiptvpanel.com/guides/fire-tv-setup","Main Body / Navigation","Resources","/guides","200","https://getiptvpanel.com/guides","HTML Anchor","true","false","false","Exact Intent","Rendered static link"
"https://getiptvpanel.com/guides/fire-tv-setup","Main Body / Navigation","Support","/support","200","https://getiptvpanel.com/support","HTML Anchor","true","false","false","Exact Intent","Rendered static link"
"https://getiptvpanel.com/guides/fire-tv-setup","Main Body / Navigation","Reseller Panel","/reseller-panel","200","https://getiptvpanel.com/reseller-panel","HTML Anchor","true","false","false","Exact Intent","Rendered static link"
"https://getiptvpanel.com/guides/fire-tv-setup","Main Body / Navigation","Packages","/reseller-packages","200","https://getiptvpanel.com/reseller-packages","HTML Anchor","true","false","false","Exact Intent","Rendered static link"
"https://getiptvpanel.com/guides/fire-tv-setup","Main Body / Navigation","Start Reselling","/become-a-reseller","200","https://getiptvpanel.com/become-a-reseller","HTML Anchor","true","false","false","Exact Intent","Rendered static link"
"https://getiptvpanel.com/guides/fire-tv-setup","Main Body / Navigation","Resources","/guides","200","https://getiptvpanel.com/guides","HTML Anchor","true","false","false","Exact Intent","Rendered static link"
"https://getiptvpanel.com/guides/fire-tv-setup","Main Body / Navigation","Support","/support","200","https://getiptvpanel.com/support","HTML Anchor","true","false","false","Exact Intent","Rendered static link"
"https://getiptvpanel.com/guides/fire-tv-setup","Main Body / Navigation","Home","/","200","https://getiptvpanel.com/","HTML Anchor","true","false","false","Exact Intent","Rendered static link"
"https://getiptvpanel.com/guides/fire-tv-setup","Main Body / Navigation","Guides","/guides","200","https://getiptvpanel.com/guides","HTML Anchor","true","false","false","Exact Intent","Rendered static link"
"https://getiptvpanel.com/guides/fire-tv-setup","Main Body / Navigation","Plan a reseller support workflow","/reseller-panel/","200","https://getiptvpanel.com/reseller-panel/","HTML Anchor","true","false","false","Exact Intent","Rendered static link"
"https://getiptvpanel.com/guides/fire-tv-setup","Main Body / Navigation","UK reseller operations","/","200","https://getiptvpanel.com/","HTML Anchor","true","false","false","Exact Intent","Rendered static link"
"https://getiptvpanel.com/guides/fire-tv-setup","Main Body / Navigation","Reseller panel","/reseller-panel","200","https://getiptvpanel.com/reseller-panel","HTML Anchor","true","false","false","Exact Intent","Rendered static link"
"https://getiptvpanel.com/guides/fire-tv-setup","Main Body / Navigation","Reseller packages","/reseller-packages","200","https://getiptvpanel.com/reseller-packages","HTML Anchor","true","false","false","Exact Intent","Rendered static link"
"https://getiptvpanel.com/guides/fire-tv-setup","Main Body / Navigation","Become a reseller","/become-a-reseller","200","https://getiptvpanel.com/become-a-reseller","HTML Anchor","true","false","false","Exact Intent","Rendered static link"
"https://getiptvpanel.com/guides/fire-tv-setup","Main Body / Navigation","Profit calculator","/profit-calculator","200","https://getiptvpanel.com/profit-calculator","HTML Anchor","true","false","false","Exact Intent","Rendered static link"
"https://getiptvpanel.com/guides/fire-tv-setup","Main Body / Navigation","About","/about","200","https://getiptvpanel.com/about","HTML Anchor","true","false","false","Exact Intent","Rendered static link"
"https://getiptvpanel.com/guides/fire-tv-setup","Main Body / Navigation","Contact","/contact","200","https://getiptvpanel.com/contact","HTML Anchor","true","false","false","Exact Intent","Rendered static link"
"https://getiptvpanel.com/guides/fire-tv-setup","Main Body / Navigation","Support","/support","200","https://getiptvpanel.com/support","HTML Anchor","true","false","false","Exact Intent","Rendered static link"
"https://getiptvpanel.com/guides/fire-tv-setup","Main Body / Navigation","Guides","/guides","200","https://getiptvpanel.com/guides","HTML Anchor","true","false","false","Exact Intent","Rendered static link"
"https://getiptvpanel.com/guides/fire-tv-setup","Main Body / Navigation","UK legality guide","/is-iptv-legal-in-the-uk","200","https://getiptvpanel.com/is-iptv-legal-in-the-uk","HTML Anchor","true","false","false","Exact Intent","Rendered static link"
"https://getiptvpanel.com/guides/fire-tv-setup","Main Body / Navigation","Privacy","/privacy-policy","200","https://getiptvpanel.com/privacy-policy","HTML Anchor","true","false","false","Exact Intent","Rendered static link"
"https://getiptvpanel.com/guides/fire-tv-setup","Main Body / Navigation","Terms","/terms","200","https://getiptvpanel.com/terms","HTML Anchor","true","false","false","Exact Intent","Rendered static link"
"https://getiptvpanel.com/guides/fire-tv-setup","Main Body / Navigation","Refund policy","/refund-policy","200","https://getiptvpanel.com/refund-policy","HTML Anchor","true","false","false","Exact Intent","Rendered static link"
"https://getiptvpanel.com/guides/fire-tv-setup","Main Body / Navigation","Acceptable use","/acceptable-use","200","https://getiptvpanel.com/acceptable-use","HTML Anchor","true","false","false","Exact Intent","Rendered static link"
"https://getiptvpanel.com/about","Main Body / Navigation","[Image/Icon Link]","/","200","https://getiptvpanel.com/","HTML Anchor","true","false","false","Exact Intent","Rendered static link"
"https://getiptvpanel.com/about","Main Body / Navigation","Reseller Panel","/reseller-panel","200","https://getiptvpanel.com/reseller-panel","HTML Anchor","true","false","false","Exact Intent","Rendered static link"
"https://getiptvpanel.com/about","Main Body / Navigation","Packages","/reseller-packages","200","https://getiptvpanel.com/reseller-packages","HTML Anchor","true","false","false","Exact Intent","Rendered static link"
"https://getiptvpanel.com/about","Main Body / Navigation","Start Reselling","/become-a-reseller","200","https://getiptvpanel.com/become-a-reseller","HTML Anchor","true","false","false","Exact Intent","Rendered static link"
"https://getiptvpanel.com/about","Main Body / Navigation","Resources","/guides","200","https://getiptvpanel.com/guides","HTML Anchor","true","false","false","Exact Intent","Rendered static link"
"https://getiptvpanel.com/about","Main Body / Navigation","Support","/support","200","https://getiptvpanel.com/support","HTML Anchor","true","false","false","Exact Intent","Rendered static link"
"https://getiptvpanel.com/about","Main Body / Navigation","Reseller Panel","/reseller-panel","200","https://getiptvpanel.com/reseller-panel","HTML Anchor","true","false","false","Exact Intent","Rendered static link"
"https://getiptvpanel.com/about","Main Body / Navigation","Packages","/reseller-packages","200","https://getiptvpanel.com/reseller-packages","HTML Anchor","true","false","false","Exact Intent","Rendered static link"
"https://getiptvpanel.com/about","Main Body / Navigation","Start Reselling","/become-a-reseller","200","https://getiptvpanel.com/become-a-reseller","HTML Anchor","true","false","false","Exact Intent","Rendered static link"
"https://getiptvpanel.com/about","Main Body / Navigation","Resources","/guides","200","https://getiptvpanel.com/guides","HTML Anchor","true","false","false","Exact Intent","Rendered static link"
"https://getiptvpanel.com/about","Main Body / Navigation","Support","/support","200","https://getiptvpanel.com/support","HTML Anchor","true","false","false","Exact Intent","Rendered static link"
"https://getiptvpanel.com/about","Main Body / Navigation","Home","/","200","https://getiptvpanel.com/","HTML Anchor","true","false","false","Exact Intent","Rendered static link"
"https://getiptvpanel.com/about","Main Body / Navigation","Contact options","/contact","200","https://getiptvpanel.com/contact","HTML Anchor","true","false","false","Exact Intent","Rendered static link"
"https://getiptvpanel.com/about","Main Body / Navigation","UK reseller operations","/","200","https://getiptvpanel.com/","HTML Anchor","true","false","false","Exact Intent","Rendered static link"
"https://getiptvpanel.com/about","Main Body / Navigation","Reseller panel","/reseller-panel","200","https://getiptvpanel.com/reseller-panel","HTML Anchor","true","false","false","Exact Intent","Rendered static link"
"https://getiptvpanel.com/about","Main Body / Navigation","Reseller packages","/reseller-packages","200","https://getiptvpanel.com/reseller-packages","HTML Anchor","true","false","false","Exact Intent","Rendered static link"
"https://getiptvpanel.com/about","Main Body / Navigation","Become a reseller","/become-a-reseller","200","https://getiptvpanel.com/become-a-reseller","HTML Anchor","true","false","false","Exact Intent","Rendered static link"
"https://getiptvpanel.com/about","Main Body / Navigation","Profit calculator","/profit-calculator","200","https://getiptvpanel.com/profit-calculator","HTML Anchor","true","false","false","Exact Intent","Rendered static link"
"https://getiptvpanel.com/about","Main Body / Navigation","About","/about","200","https://getiptvpanel.com/about","HTML Anchor","true","false","false","Exact Intent","Rendered static link"
"https://getiptvpanel.com/about","Main Body / Navigation","Contact","/contact","200","https://getiptvpanel.com/contact","HTML Anchor","true","false","false","Exact Intent","Rendered static link"
"https://getiptvpanel.com/about","Main Body / Navigation","Support","/support","200","https://getiptvpanel.com/support","HTML Anchor","true","false","false","Exact Intent","Rendered static link"
"https://getiptvpanel.com/about","Main Body / Navigation","Guides","/guides","200","https://getiptvpanel.com/guides","HTML Anchor","true","false","false","Exact Intent","Rendered static link"
"https://getiptvpanel.com/about","Main Body / Navigation","UK legality guide","/is-iptv-legal-in-the-uk","200","https://getiptvpanel.com/is-iptv-legal-in-the-uk","HTML Anchor","true","false","false","Exact Intent","Rendered static link"
"https://getiptvpanel.com/about","Main Body / Navigation","Privacy","/privacy-policy","200","https://getiptvpanel.com/privacy-policy","HTML Anchor","true","false","false","Exact Intent","Rendered static link"
"https://getiptvpanel.com/about","Main Body / Navigation","Terms","/terms","200","https://getiptvpanel.com/terms","HTML Anchor","true","false","false","Exact Intent","Rendered static link"
"https://getiptvpanel.com/about","Main Body / Navigation","Refund policy","/refund-policy","200","https://getiptvpanel.com/refund-policy","HTML Anchor","true","false","false","Exact Intent","Rendered static link"
"https://getiptvpanel.com/about","Main Body / Navigation","Acceptable use","/acceptable-use","200","https://getiptvpanel.com/acceptable-use","HTML Anchor","true","false","false","Exact Intent","Rendered static link"
"https://getiptvpanel.com/contact","Main Body / Navigation","[Image/Icon Link]","/","200","https://getiptvpanel.com/","HTML Anchor","true","false","false","Exact Intent","Rendered static link"
"https://getiptvpanel.com/contact","Main Body / Navigation","Reseller Panel","/reseller-panel","200","https://getiptvpanel.com/reseller-panel","HTML Anchor","true","false","false","Exact Intent","Rendered static link"
"https://getiptvpanel.com/contact","Main Body / Navigation","Packages","/reseller-packages","200","https://getiptvpanel.com/reseller-packages","HTML Anchor","true","false","false","Exact Intent","Rendered static link"
"https://getiptvpanel.com/contact","Main Body / Navigation","Start Reselling","/become-a-reseller","200","https://getiptvpanel.com/become-a-reseller","HTML Anchor","true","false","false","Exact Intent","Rendered static link"
"https://getiptvpanel.com/contact","Main Body / Navigation","Resources","/guides","200","https://getiptvpanel.com/guides","HTML Anchor","true","false","false","Exact Intent","Rendered static link"
"https://getiptvpanel.com/contact","Main Body / Navigation","Support","/support","200","https://getiptvpanel.com/support","HTML Anchor","true","false","false","Exact Intent","Rendered static link"
"https://getiptvpanel.com/contact","Main Body / Navigation","Reseller Panel","/reseller-panel","200","https://getiptvpanel.com/reseller-panel","HTML Anchor","true","false","false","Exact Intent","Rendered static link"
"https://getiptvpanel.com/contact","Main Body / Navigation","Packages","/reseller-packages","200","https://getiptvpanel.com/reseller-packages","HTML Anchor","true","false","false","Exact Intent","Rendered static link"
"https://getiptvpanel.com/contact","Main Body / Navigation","Start Reselling","/become-a-reseller","200","https://getiptvpanel.com/become-a-reseller","HTML Anchor","true","false","false","Exact Intent","Rendered static link"
"https://getiptvpanel.com/contact","Main Body / Navigation","Resources","/guides","200","https://getiptvpanel.com/guides","HTML Anchor","true","false","false","Exact Intent","Rendered static link"
"https://getiptvpanel.com/contact","Main Body / Navigation","Support","/support","200","https://getiptvpanel.com/support","HTML Anchor","true","false","false","Exact Intent","Rendered static link"
"https://getiptvpanel.com/contact","Main Body / Navigation","Home","/","200","https://getiptvpanel.com/","HTML Anchor","true","false","false","Exact Intent","Rendered static link"
"https://getiptvpanel.com/contact","Main Body / Navigation","privacy policy","/privacy-policy","200","https://getiptvpanel.com/privacy-policy","HTML Anchor","true","false","false","Exact Intent","Rendered static link"
"https://getiptvpanel.com/contact","Main Body / Navigation","UK reseller operations","/","200","https://getiptvpanel.com/","HTML Anchor","true","false","false","Exact Intent","Rendered static link"
"https://getiptvpanel.com/contact","Main Body / Navigation","Reseller panel","/reseller-panel","200","https://getiptvpanel.com/reseller-panel","HTML Anchor","true","false","false","Exact Intent","Rendered static link"
"https://getiptvpanel.com/contact","Main Body / Navigation","Reseller packages","/reseller-packages","200","https://getiptvpanel.com/reseller-packages","HTML Anchor","true","false","false","Exact Intent","Rendered static link"
"https://getiptvpanel.com/contact","Main Body / Navigation","Become a reseller","/become-a-reseller","200","https://getiptvpanel.com/become-a-reseller","HTML Anchor","true","false","false","Exact Intent","Rendered static link"
"https://getiptvpanel.com/contact","Main Body / Navigation","Profit calculator","/profit-calculator","200","https://getiptvpanel.com/profit-calculator","HTML Anchor","true","false","false","Exact Intent","Rendered static link"
"https://getiptvpanel.com/contact","Main Body / Navigation","About","/about","200","https://getiptvpanel.com/about","HTML Anchor","true","false","false","Exact Intent","Rendered static link"
"https://getiptvpanel.com/contact","Main Body / Navigation","Contact","/contact","200","https://getiptvpanel.com/contact","HTML Anchor","true","false","false","Exact Intent","Rendered static link"
"https://getiptvpanel.com/contact","Main Body / Navigation","Support","/support","200","https://getiptvpanel.com/support","HTML Anchor","true","false","false","Exact Intent","Rendered static link"
"https://getiptvpanel.com/contact","Main Body / Navigation","Guides","/guides","200","https://getiptvpanel.com/guides","HTML Anchor","true","false","false","Exact Intent","Rendered static link"
"https://getiptvpanel.com/contact","Main Body / Navigation","UK legality guide","/is-iptv-legal-in-the-uk","200","https://getiptvpanel.com/is-iptv-legal-in-the-uk","HTML Anchor","true","false","false","Exact Intent","Rendered static link"
"https://getiptvpanel.com/contact","Main Body / Navigation","Privacy","/privacy-policy","200","https://getiptvpanel.com/privacy-policy","HTML Anchor","true","false","false","Exact Intent","Rendered static link"
"https://getiptvpanel.com/contact","Main Body / Navigation","Terms","/terms","200","https://getiptvpanel.com/terms","HTML Anchor","true","false","false","Exact Intent","Rendered static link"
"https://getiptvpanel.com/contact","Main Body / Navigation","Refund policy","/refund-policy","200","https://getiptvpanel.com/refund-policy","HTML Anchor","true","false","false","Exact Intent","Rendered static link"
"https://getiptvpanel.com/contact","Main Body / Navigation","Acceptable use","/acceptable-use","200","https://getiptvpanel.com/acceptable-use","HTML Anchor","true","false","false","Exact Intent","Rendered static link"
"https://getiptvpanel.com/support","Main Body / Navigation","[Image/Icon Link]","/","200","https://getiptvpanel.com/","HTML Anchor","true","false","false","Exact Intent","Rendered static link"
"https://getiptvpanel.com/support","Main Body / Navigation","Reseller Panel","/reseller-panel","200","https://getiptvpanel.com/reseller-panel","HTML Anchor","true","false","false","Exact Intent","Rendered static link"
"https://getiptvpanel.com/support","Main Body / Navigation","Packages","/reseller-packages","200","https://getiptvpanel.com/reseller-packages","HTML Anchor","true","false","false","Exact Intent","Rendered static link"
"https://getiptvpanel.com/support","Main Body / Navigation","Start Reselling","/become-a-reseller","200","https://getiptvpanel.com/become-a-reseller","HTML Anchor","true","false","false","Exact Intent","Rendered static link"
"https://getiptvpanel.com/support","Main Body / Navigation","Resources","/guides","200","https://getiptvpanel.com/guides","HTML Anchor","true","false","false","Exact Intent","Rendered static link"
"https://getiptvpanel.com/support","Main Body / Navigation","Support","/support","200","https://getiptvpanel.com/support","HTML Anchor","true","false","false","Exact Intent","Rendered static link"
"https://getiptvpanel.com/support","Main Body / Navigation","Reseller Panel","/reseller-panel","200","https://getiptvpanel.com/reseller-panel","HTML Anchor","true","false","false","Exact Intent","Rendered static link"
"https://getiptvpanel.com/support","Main Body / Navigation","Packages","/reseller-packages","200","https://getiptvpanel.com/reseller-packages","HTML Anchor","true","false","false","Exact Intent","Rendered static link"
"https://getiptvpanel.com/support","Main Body / Navigation","Start Reselling","/become-a-reseller","200","https://getiptvpanel.com/become-a-reseller","HTML Anchor","true","false","false","Exact Intent","Rendered static link"
"https://getiptvpanel.com/support","Main Body / Navigation","Resources","/guides","200","https://getiptvpanel.com/guides","HTML Anchor","true","false","false","Exact Intent","Rendered static link"
"https://getiptvpanel.com/support","Main Body / Navigation","Support","/support","200","https://getiptvpanel.com/support","HTML Anchor","true","false","false","Exact Intent","Rendered static link"
"https://getiptvpanel.com/support","Main Body / Navigation","Home","/","200","https://getiptvpanel.com/","HTML Anchor","true","false","false","Exact Intent","Rendered static link"
"https://getiptvpanel.com/support","Main Body / Navigation","Browse setup guides","/guides","200","https://getiptvpanel.com/guides","HTML Anchor","true","false","false","Exact Intent","Rendered static link"
"https://getiptvpanel.com/support","Main Body / Navigation","TiviMate","/guides/tivimate-setup","200","https://getiptvpanel.com/guides/tivimate-setup","HTML Anchor","true","false","false","Exact Intent","Rendered static link"
"https://getiptvpanel.com/support","Main Body / Navigation","IPTV Smarters","/guides/iptv-smarters-setup","200","https://getiptvpanel.com/guides/iptv-smarters-setup","HTML Anchor","true","false","false","Exact Intent","Rendered static link"
"https://getiptvpanel.com/support","Main Body / Navigation","Fire TV","/guides/fire-tv-setup","200","https://getiptvpanel.com/guides/fire-tv-setup","HTML Anchor","true","false","false","Exact Intent","Rendered static link"
"https://getiptvpanel.com/support","Main Body / Navigation","UK reseller operations","/","200","https://getiptvpanel.com/","HTML Anchor","true","false","false","Exact Intent","Rendered static link"
"https://getiptvpanel.com/support","Main Body / Navigation","Reseller panel","/reseller-panel","200","https://getiptvpanel.com/reseller-panel","HTML Anchor","true","false","false","Exact Intent","Rendered static link"
"https://getiptvpanel.com/support","Main Body / Navigation","Reseller packages","/reseller-packages","200","https://getiptvpanel.com/reseller-packages","HTML Anchor","true","false","false","Exact Intent","Rendered static link"
"https://getiptvpanel.com/support","Main Body / Navigation","Become a reseller","/become-a-reseller","200","https://getiptvpanel.com/become-a-reseller","HTML Anchor","true","false","false","Exact Intent","Rendered static link"
"https://getiptvpanel.com/support","Main Body / Navigation","Profit calculator","/profit-calculator","200","https://getiptvpanel.com/profit-calculator","HTML Anchor","true","false","false","Exact Intent","Rendered static link"
"https://getiptvpanel.com/support","Main Body / Navigation","About","/about","200","https://getiptvpanel.com/about","HTML Anchor","true","false","false","Exact Intent","Rendered static link"
"https://getiptvpanel.com/support","Main Body / Navigation","Contact","/contact","200","https://getiptvpanel.com/contact","HTML Anchor","true","false","false","Exact Intent","Rendered static link"
"https://getiptvpanel.com/support","Main Body / Navigation","Support","/support","200","https://getiptvpanel.com/support","HTML Anchor","true","false","false","Exact Intent","Rendered static link"
"https://getiptvpanel.com/support","Main Body / Navigation","Guides","/guides","200","https://getiptvpanel.com/guides","HTML Anchor","true","false","false","Exact Intent","Rendered static link"
"https://getiptvpanel.com/support","Main Body / Navigation","UK legality guide","/is-iptv-legal-in-the-uk","200","https://getiptvpanel.com/is-iptv-legal-in-the-uk","HTML Anchor","true","false","false","Exact Intent","Rendered static link"
"https://getiptvpanel.com/support","Main Body / Navigation","Privacy","/privacy-policy","200","https://getiptvpanel.com/privacy-policy","HTML Anchor","true","false","false","Exact Intent","Rendered static link"
"https://getiptvpanel.com/support","Main Body / Navigation","Terms","/terms","200","https://getiptvpanel.com/terms","HTML Anchor","true","false","false","Exact Intent","Rendered static link"
"https://getiptvpanel.com/support","Main Body / Navigation","Refund policy","/refund-policy","200","https://getiptvpanel.com/refund-policy","HTML Anchor","true","false","false","Exact Intent","Rendered static link"
"https://getiptvpanel.com/support","Main Body / Navigation","Acceptable use","/acceptable-use","200","https://getiptvpanel.com/acceptable-use","HTML Anchor","true","false","false","Exact Intent","Rendered static link"
"https://getiptvpanel.com/privacy-policy","Main Body / Navigation","[Image/Icon Link]","/","200","https://getiptvpanel.com/","HTML Anchor","true","false","false","Exact Intent","Rendered static link"
"https://getiptvpanel.com/privacy-policy","Main Body / Navigation","Reseller Panel","/reseller-panel","200","https://getiptvpanel.com/reseller-panel","HTML Anchor","true","false","false","Exact Intent","Rendered static link"
"https://getiptvpanel.com/privacy-policy","Main Body / Navigation","Packages","/reseller-packages","200","https://getiptvpanel.com/reseller-packages","HTML Anchor","true","false","false","Exact Intent","Rendered static link"
"https://getiptvpanel.com/privacy-policy","Main Body / Navigation","Start Reselling","/become-a-reseller","200","https://getiptvpanel.com/become-a-reseller","HTML Anchor","true","false","false","Exact Intent","Rendered static link"
"https://getiptvpanel.com/privacy-policy","Main Body / Navigation","Resources","/guides","200","https://getiptvpanel.com/guides","HTML Anchor","true","false","false","Exact Intent","Rendered static link"
"https://getiptvpanel.com/privacy-policy","Main Body / Navigation","Support","/support","200","https://getiptvpanel.com/support","HTML Anchor","true","false","false","Exact Intent","Rendered static link"
"https://getiptvpanel.com/privacy-policy","Main Body / Navigation","Reseller Panel","/reseller-panel","200","https://getiptvpanel.com/reseller-panel","HTML Anchor","true","false","false","Exact Intent","Rendered static link"
"https://getiptvpanel.com/privacy-policy","Main Body / Navigation","Packages","/reseller-packages","200","https://getiptvpanel.com/reseller-packages","HTML Anchor","true","false","false","Exact Intent","Rendered static link"
"https://getiptvpanel.com/privacy-policy","Main Body / Navigation","Start Reselling","/become-a-reseller","200","https://getiptvpanel.com/become-a-reseller","HTML Anchor","true","false","false","Exact Intent","Rendered static link"
"https://getiptvpanel.com/privacy-policy","Main Body / Navigation","Resources","/guides","200","https://getiptvpanel.com/guides","HTML Anchor","true","false","false","Exact Intent","Rendered static link"
"https://getiptvpanel.com/privacy-policy","Main Body / Navigation","Support","/support","200","https://getiptvpanel.com/support","HTML Anchor","true","false","false","Exact Intent","Rendered static link"
"https://getiptvpanel.com/privacy-policy","Main Body / Navigation","Home","/","200","https://getiptvpanel.com/","HTML Anchor","true","false","false","Exact Intent","Rendered static link"
"https://getiptvpanel.com/privacy-policy","Main Body / Navigation","UK reseller operations","/","200","https://getiptvpanel.com/","HTML Anchor","true","false","false","Exact Intent","Rendered static link"
"https://getiptvpanel.com/privacy-policy","Main Body / Navigation","Reseller panel","/reseller-panel","200","https://getiptvpanel.com/reseller-panel","HTML Anchor","true","false","false","Exact Intent","Rendered static link"
"https://getiptvpanel.com/privacy-policy","Main Body / Navigation","Reseller packages","/reseller-packages","200","https://getiptvpanel.com/reseller-packages","HTML Anchor","true","false","false","Exact Intent","Rendered static link"
"https://getiptvpanel.com/privacy-policy","Main Body / Navigation","Become a reseller","/become-a-reseller","200","https://getiptvpanel.com/become-a-reseller","HTML Anchor","true","false","false","Exact Intent","Rendered static link"
"https://getiptvpanel.com/privacy-policy","Main Body / Navigation","Profit calculator","/profit-calculator","200","https://getiptvpanel.com/profit-calculator","HTML Anchor","true","false","false","Exact Intent","Rendered static link"
"https://getiptvpanel.com/privacy-policy","Main Body / Navigation","About","/about","200","https://getiptvpanel.com/about","HTML Anchor","true","false","false","Exact Intent","Rendered static link"
"https://getiptvpanel.com/privacy-policy","Main Body / Navigation","Contact","/contact","200","https://getiptvpanel.com/contact","HTML Anchor","true","false","false","Exact Intent","Rendered static link"
"https://getiptvpanel.com/privacy-policy","Main Body / Navigation","Support","/support","200","https://getiptvpanel.com/support","HTML Anchor","true","false","false","Exact Intent","Rendered static link"
"https://getiptvpanel.com/privacy-policy","Main Body / Navigation","Guides","/guides","200","https://getiptvpanel.com/guides","HTML Anchor","true","false","false","Exact Intent","Rendered static link"
"https://getiptvpanel.com/privacy-policy","Main Body / Navigation","UK legality guide","/is-iptv-legal-in-the-uk","200","https://getiptvpanel.com/is-iptv-legal-in-the-uk","HTML Anchor","true","false","false","Exact Intent","Rendered static link"
"https://getiptvpanel.com/privacy-policy","Main Body / Navigation","Privacy","/privacy-policy","200","https://getiptvpanel.com/privacy-policy","HTML Anchor","true","false","false","Exact Intent","Rendered static link"
"https://getiptvpanel.com/privacy-policy","Main Body / Navigation","Terms","/terms","200","https://getiptvpanel.com/terms","HTML Anchor","true","false","false","Exact Intent","Rendered static link"
"https://getiptvpanel.com/privacy-policy","Main Body / Navigation","Refund policy","/refund-policy","200","https://getiptvpanel.com/refund-policy","HTML Anchor","true","false","false","Exact Intent","Rendered static link"
"https://getiptvpanel.com/privacy-policy","Main Body / Navigation","Acceptable use","/acceptable-use","200","https://getiptvpanel.com/acceptable-use","HTML Anchor","true","false","false","Exact Intent","Rendered static link"
"https://getiptvpanel.com/terms","Main Body / Navigation","[Image/Icon Link]","/","200","https://getiptvpanel.com/","HTML Anchor","true","false","false","Exact Intent","Rendered static link"
"https://getiptvpanel.com/terms","Main Body / Navigation","Reseller Panel","/reseller-panel","200","https://getiptvpanel.com/reseller-panel","HTML Anchor","true","false","false","Exact Intent","Rendered static link"
"https://getiptvpanel.com/terms","Main Body / Navigation","Packages","/reseller-packages","200","https://getiptvpanel.com/reseller-packages","HTML Anchor","true","false","false","Exact Intent","Rendered static link"
"https://getiptvpanel.com/terms","Main Body / Navigation","Start Reselling","/become-a-reseller","200","https://getiptvpanel.com/become-a-reseller","HTML Anchor","true","false","false","Exact Intent","Rendered static link"
"https://getiptvpanel.com/terms","Main Body / Navigation","Resources","/guides","200","https://getiptvpanel.com/guides","HTML Anchor","true","false","false","Exact Intent","Rendered static link"
"https://getiptvpanel.com/terms","Main Body / Navigation","Support","/support","200","https://getiptvpanel.com/support","HTML Anchor","true","false","false","Exact Intent","Rendered static link"
"https://getiptvpanel.com/terms","Main Body / Navigation","Reseller Panel","/reseller-panel","200","https://getiptvpanel.com/reseller-panel","HTML Anchor","true","false","false","Exact Intent","Rendered static link"
"https://getiptvpanel.com/terms","Main Body / Navigation","Packages","/reseller-packages","200","https://getiptvpanel.com/reseller-packages","HTML Anchor","true","false","false","Exact Intent","Rendered static link"
"https://getiptvpanel.com/terms","Main Body / Navigation","Start Reselling","/become-a-reseller","200","https://getiptvpanel.com/become-a-reseller","HTML Anchor","true","false","false","Exact Intent","Rendered static link"
"https://getiptvpanel.com/terms","Main Body / Navigation","Resources","/guides","200","https://getiptvpanel.com/guides","HTML Anchor","true","false","false","Exact Intent","Rendered static link"
"https://getiptvpanel.com/terms","Main Body / Navigation","Support","/support","200","https://getiptvpanel.com/support","HTML Anchor","true","false","false","Exact Intent","Rendered static link"
"https://getiptvpanel.com/terms","Main Body / Navigation","Home","/","200","https://getiptvpanel.com/","HTML Anchor","true","false","false","Exact Intent","Rendered static link"
"https://getiptvpanel.com/terms","Main Body / Navigation","UK reseller operations","/","200","https://getiptvpanel.com/","HTML Anchor","true","false","false","Exact Intent","Rendered static link"
"https://getiptvpanel.com/terms","Main Body / Navigation","Reseller panel","/reseller-panel","200","https://getiptvpanel.com/reseller-panel","HTML Anchor","true","false","false","Exact Intent","Rendered static link"
"https://getiptvpanel.com/terms","Main Body / Navigation","Reseller packages","/reseller-packages","200","https://getiptvpanel.com/reseller-packages","HTML Anchor","true","false","false","Exact Intent","Rendered static link"
"https://getiptvpanel.com/terms","Main Body / Navigation","Become a reseller","/become-a-reseller","200","https://getiptvpanel.com/become-a-reseller","HTML Anchor","true","false","false","Exact Intent","Rendered static link"
"https://getiptvpanel.com/terms","Main Body / Navigation","Profit calculator","/profit-calculator","200","https://getiptvpanel.com/profit-calculator","HTML Anchor","true","false","false","Exact Intent","Rendered static link"
"https://getiptvpanel.com/terms","Main Body / Navigation","About","/about","200","https://getiptvpanel.com/about","HTML Anchor","true","false","false","Exact Intent","Rendered static link"
"https://getiptvpanel.com/terms","Main Body / Navigation","Contact","/contact","200","https://getiptvpanel.com/contact","HTML Anchor","true","false","false","Exact Intent","Rendered static link"
"https://getiptvpanel.com/terms","Main Body / Navigation","Support","/support","200","https://getiptvpanel.com/support","HTML Anchor","true","false","false","Exact Intent","Rendered static link"
"https://getiptvpanel.com/terms","Main Body / Navigation","Guides","/guides","200","https://getiptvpanel.com/guides","HTML Anchor","true","false","false","Exact Intent","Rendered static link"
"https://getiptvpanel.com/terms","Main Body / Navigation","UK legality guide","/is-iptv-legal-in-the-uk","200","https://getiptvpanel.com/is-iptv-legal-in-the-uk","HTML Anchor","true","false","false","Exact Intent","Rendered static link"
"https://getiptvpanel.com/terms","Main Body / Navigation","Privacy","/privacy-policy","200","https://getiptvpanel.com/privacy-policy","HTML Anchor","true","false","false","Exact Intent","Rendered static link"
"https://getiptvpanel.com/terms","Main Body / Navigation","Terms","/terms","200","https://getiptvpanel.com/terms","HTML Anchor","true","false","false","Exact Intent","Rendered static link"
"https://getiptvpanel.com/terms","Main Body / Navigation","Refund policy","/refund-policy","200","https://getiptvpanel.com/refund-policy","HTML Anchor","true","false","false","Exact Intent","Rendered static link"
"https://getiptvpanel.com/terms","Main Body / Navigation","Acceptable use","/acceptable-use","200","https://getiptvpanel.com/acceptable-use","HTML Anchor","true","false","false","Exact Intent","Rendered static link"
"https://getiptvpanel.com/refund-policy","Main Body / Navigation","[Image/Icon Link]","/","200","https://getiptvpanel.com/","HTML Anchor","true","false","false","Exact Intent","Rendered static link"
"https://getiptvpanel.com/refund-policy","Main Body / Navigation","Reseller Panel","/reseller-panel","200","https://getiptvpanel.com/reseller-panel","HTML Anchor","true","false","false","Exact Intent","Rendered static link"
"https://getiptvpanel.com/refund-policy","Main Body / Navigation","Packages","/reseller-packages","200","https://getiptvpanel.com/reseller-packages","HTML Anchor","true","false","false","Exact Intent","Rendered static link"
"https://getiptvpanel.com/refund-policy","Main Body / Navigation","Start Reselling","/become-a-reseller","200","https://getiptvpanel.com/become-a-reseller","HTML Anchor","true","false","false","Exact Intent","Rendered static link"
"https://getiptvpanel.com/refund-policy","Main Body / Navigation","Resources","/guides","200","https://getiptvpanel.com/guides","HTML Anchor","true","false","false","Exact Intent","Rendered static link"
"https://getiptvpanel.com/refund-policy","Main Body / Navigation","Support","/support","200","https://getiptvpanel.com/support","HTML Anchor","true","false","false","Exact Intent","Rendered static link"
"https://getiptvpanel.com/refund-policy","Main Body / Navigation","Reseller Panel","/reseller-panel","200","https://getiptvpanel.com/reseller-panel","HTML Anchor","true","false","false","Exact Intent","Rendered static link"
"https://getiptvpanel.com/refund-policy","Main Body / Navigation","Packages","/reseller-packages","200","https://getiptvpanel.com/reseller-packages","HTML Anchor","true","false","false","Exact Intent","Rendered static link"
"https://getiptvpanel.com/refund-policy","Main Body / Navigation","Start Reselling","/become-a-reseller","200","https://getiptvpanel.com/become-a-reseller","HTML Anchor","true","false","false","Exact Intent","Rendered static link"
"https://getiptvpanel.com/refund-policy","Main Body / Navigation","Resources","/guides","200","https://getiptvpanel.com/guides","HTML Anchor","true","false","false","Exact Intent","Rendered static link"
"https://getiptvpanel.com/refund-policy","Main Body / Navigation","Support","/support","200","https://getiptvpanel.com/support","HTML Anchor","true","false","false","Exact Intent","Rendered static link"
"https://getiptvpanel.com/refund-policy","Main Body / Navigation","Home","/","200","https://getiptvpanel.com/","HTML Anchor","true","false","false","Exact Intent","Rendered static link"
"https://getiptvpanel.com/refund-policy","Main Body / Navigation","UK reseller operations","/","200","https://getiptvpanel.com/","HTML Anchor","true","false","false","Exact Intent","Rendered static link"
"https://getiptvpanel.com/refund-policy","Main Body / Navigation","Reseller panel","/reseller-panel","200","https://getiptvpanel.com/reseller-panel","HTML Anchor","true","false","false","Exact Intent","Rendered static link"
"https://getiptvpanel.com/refund-policy","Main Body / Navigation","Reseller packages","/reseller-packages","200","https://getiptvpanel.com/reseller-packages","HTML Anchor","true","false","false","Exact Intent","Rendered static link"
"https://getiptvpanel.com/refund-policy","Main Body / Navigation","Become a reseller","/become-a-reseller","200","https://getiptvpanel.com/become-a-reseller","HTML Anchor","true","false","false","Exact Intent","Rendered static link"
"https://getiptvpanel.com/refund-policy","Main Body / Navigation","Profit calculator","/profit-calculator","200","https://getiptvpanel.com/profit-calculator","HTML Anchor","true","false","false","Exact Intent","Rendered static link"
"https://getiptvpanel.com/refund-policy","Main Body / Navigation","About","/about","200","https://getiptvpanel.com/about","HTML Anchor","true","false","false","Exact Intent","Rendered static link"
"https://getiptvpanel.com/refund-policy","Main Body / Navigation","Contact","/contact","200","https://getiptvpanel.com/contact","HTML Anchor","true","false","false","Exact Intent","Rendered static link"
"https://getiptvpanel.com/refund-policy","Main Body / Navigation","Support","/support","200","https://getiptvpanel.com/support","HTML Anchor","true","false","false","Exact Intent","Rendered static link"
"https://getiptvpanel.com/refund-policy","Main Body / Navigation","Guides","/guides","200","https://getiptvpanel.com/guides","HTML Anchor","true","false","false","Exact Intent","Rendered static link"
"https://getiptvpanel.com/refund-policy","Main Body / Navigation","UK legality guide","/is-iptv-legal-in-the-uk","200","https://getiptvpanel.com/is-iptv-legal-in-the-uk","HTML Anchor","true","false","false","Exact Intent","Rendered static link"
"https://getiptvpanel.com/refund-policy","Main Body / Navigation","Privacy","/privacy-policy","200","https://getiptvpanel.com/privacy-policy","HTML Anchor","true","false","false","Exact Intent","Rendered static link"
"https://getiptvpanel.com/refund-policy","Main Body / Navigation","Terms","/terms","200","https://getiptvpanel.com/terms","HTML Anchor","true","false","false","Exact Intent","Rendered static link"
"https://getiptvpanel.com/refund-policy","Main Body / Navigation","Refund policy","/refund-policy","200","https://getiptvpanel.com/refund-policy","HTML Anchor","true","false","false","Exact Intent","Rendered static link"
"https://getiptvpanel.com/refund-policy","Main Body / Navigation","Acceptable use","/acceptable-use","200","https://getiptvpanel.com/acceptable-use","HTML Anchor","true","false","false","Exact Intent","Rendered static link"
"https://getiptvpanel.com/acceptable-use","Main Body / Navigation","[Image/Icon Link]","/","200","https://getiptvpanel.com/","HTML Anchor","true","false","false","Exact Intent","Rendered static link"
"https://getiptvpanel.com/acceptable-use","Main Body / Navigation","Reseller Panel","/reseller-panel","200","https://getiptvpanel.com/reseller-panel","HTML Anchor","true","false","false","Exact Intent","Rendered static link"
"https://getiptvpanel.com/acceptable-use","Main Body / Navigation","Packages","/reseller-packages","200","https://getiptvpanel.com/reseller-packages","HTML Anchor","true","false","false","Exact Intent","Rendered static link"
"https://getiptvpanel.com/acceptable-use","Main Body / Navigation","Start Reselling","/become-a-reseller","200","https://getiptvpanel.com/become-a-reseller","HTML Anchor","true","false","false","Exact Intent","Rendered static link"
"https://getiptvpanel.com/acceptable-use","Main Body / Navigation","Resources","/guides","200","https://getiptvpanel.com/guides","HTML Anchor","true","false","false","Exact Intent","Rendered static link"
"https://getiptvpanel.com/acceptable-use","Main Body / Navigation","Support","/support","200","https://getiptvpanel.com/support","HTML Anchor","true","false","false","Exact Intent","Rendered static link"
"https://getiptvpanel.com/acceptable-use","Main Body / Navigation","Reseller Panel","/reseller-panel","200","https://getiptvpanel.com/reseller-panel","HTML Anchor","true","false","false","Exact Intent","Rendered static link"
"https://getiptvpanel.com/acceptable-use","Main Body / Navigation","Packages","/reseller-packages","200","https://getiptvpanel.com/reseller-packages","HTML Anchor","true","false","false","Exact Intent","Rendered static link"
"https://getiptvpanel.com/acceptable-use","Main Body / Navigation","Start Reselling","/become-a-reseller","200","https://getiptvpanel.com/become-a-reseller","HTML Anchor","true","false","false","Exact Intent","Rendered static link"
"https://getiptvpanel.com/acceptable-use","Main Body / Navigation","Resources","/guides","200","https://getiptvpanel.com/guides","HTML Anchor","true","false","false","Exact Intent","Rendered static link"
"https://getiptvpanel.com/acceptable-use","Main Body / Navigation","Support","/support","200","https://getiptvpanel.com/support","HTML Anchor","true","false","false","Exact Intent","Rendered static link"
"https://getiptvpanel.com/acceptable-use","Main Body / Navigation","Home","/","200","https://getiptvpanel.com/","HTML Anchor","true","false","false","Exact Intent","Rendered static link"
"https://getiptvpanel.com/acceptable-use","Main Body / Navigation","UK reseller operations","/","200","https://getiptvpanel.com/","HTML Anchor","true","false","false","Exact Intent","Rendered static link"
"https://getiptvpanel.com/acceptable-use","Main Body / Navigation","Reseller panel","/reseller-panel","200","https://getiptvpanel.com/reseller-panel","HTML Anchor","true","false","false","Exact Intent","Rendered static link"
"https://getiptvpanel.com/acceptable-use","Main Body / Navigation","Reseller packages","/reseller-packages","200","https://getiptvpanel.com/reseller-packages","HTML Anchor","true","false","false","Exact Intent","Rendered static link"
"https://getiptvpanel.com/acceptable-use","Main Body / Navigation","Become a reseller","/become-a-reseller","200","https://getiptvpanel.com/become-a-reseller","HTML Anchor","true","false","false","Exact Intent","Rendered static link"
"https://getiptvpanel.com/acceptable-use","Main Body / Navigation","Profit calculator","/profit-calculator","200","https://getiptvpanel.com/profit-calculator","HTML Anchor","true","false","false","Exact Intent","Rendered static link"
"https://getiptvpanel.com/acceptable-use","Main Body / Navigation","About","/about","200","https://getiptvpanel.com/about","HTML Anchor","true","false","false","Exact Intent","Rendered static link"
"https://getiptvpanel.com/acceptable-use","Main Body / Navigation","Contact","/contact","200","https://getiptvpanel.com/contact","HTML Anchor","true","false","false","Exact Intent","Rendered static link"
"https://getiptvpanel.com/acceptable-use","Main Body / Navigation","Support","/support","200","https://getiptvpanel.com/support","HTML Anchor","true","false","false","Exact Intent","Rendered static link"
"https://getiptvpanel.com/acceptable-use","Main Body / Navigation","Guides","/guides","200","https://getiptvpanel.com/guides","HTML Anchor","true","false","false","Exact Intent","Rendered static link"
"https://getiptvpanel.com/acceptable-use","Main Body / Navigation","UK legality guide","/is-iptv-legal-in-the-uk","200","https://getiptvpanel.com/is-iptv-legal-in-the-uk","HTML Anchor","true","false","false","Exact Intent","Rendered static link"
"https://getiptvpanel.com/acceptable-use","Main Body / Navigation","Privacy","/privacy-policy","200","https://getiptvpanel.com/privacy-policy","HTML Anchor","true","false","false","Exact Intent","Rendered static link"
"https://getiptvpanel.com/acceptable-use","Main Body / Navigation","Terms","/terms","200","https://getiptvpanel.com/terms","HTML Anchor","true","false","false","Exact Intent","Rendered static link"
"https://getiptvpanel.com/acceptable-use","Main Body / Navigation","Refund policy","/refund-policy","200","https://getiptvpanel.com/refund-policy","HTML Anchor","true","false","false","Exact Intent","Rendered static link"
"https://getiptvpanel.com/acceptable-use","Main Body / Navigation","Acceptable use","/acceptable-use","200","https://getiptvpanel.com/acceptable-use","HTML Anchor","true","false","false","Exact Intent","Rendered static link"